,Unnamed: 0,Word,Count
0,0,JoeBiden,1
1,1,cant,3
2,2,keep,3
4,4,hands,1
6,6,himself,1
7,7,Women,3
8,8,MeToo,2
9,9,Feminism,161
10,10,feminists,1
11,11,Coeds,1
12,12,college,1
13,13,HeyTammyBruce,1
14,14,brikeilarcnn,1
15,15,KirstenPowers,1
16,16,wellivertitus,1
17,17,SusanPage,1
18,18,JuliePace,1
19,19,MSNBC,1
21,21,The,1
22,22,world,6
24,24,humanity,2
25,25,consists,1
26,26,2,4
27,27,parts,1
28,28,1,4
30,30,woman,1
33,33,manUntil,1
39,39,strengththe,1
40,40,oneness,1
41,41,cannot,1
43,43,establishedamp,1
44,44,happinessampfelicity,1
45,45,mankind,1
49,49,realityGod,1
50,50,willingthis,1
51,51,so,1
52,52,AbdulBah,1
53,53,equality,2
54,54,feminism,77
56,56,RT,253
57,57,RadfemVegan,3
58,58,It,8
59,59,serious,2
60,60,question,4
63,63,sexual,5
64,64,harassment,3
65,65,laws,2
67,67,possibly,3
68,68,enforced,2
69,69,context,2
71,71,sex,5
72,72,commerci,1
73,73,Full,3
74,74,decriminalisation,3
75,75,prostitution,4
76,76,removes,2
78,78,one,14
79,79,social,3
80,80,stigma,2
83,83,buyers,2
84,84,addition,2
85,85,making,68
86,86,access,2
87,87,wo,2
88,88,The,38
89,89,violence,2
90,90,potential,2
91,91,assault,2
92,92,rape,2
94,94,even,6
95,95,deathendemic,2
96,96,exceeds,2
97,97,level,3
98,98,danger,2
99,99,accompan,1
100,100,fightitjohn,1
101,101,Need,3
102,102,nanami,2
104,104,outfit,2
105,105,thats,2
106,106,80,2
107,107,tape,2
108,108,sexualizes,2
111,111,reason,2
112,112,bxnsfaiyen,1
113,113,Making,1
114,114,fun,2
115,115,size,1
116,116,mans,1
117,117,penis,1
118,118,body,7
119,119,shaming,1
120,120,well,4
121,121,ladies,1
122,122,bodypositivity,3
123,123,masculinity,6
124,124,EqualRights,1
125,125,andrewdkaufman,8
126,126,personal,8
127,127,diary,8
128,128,Dostoyevskys,8
129,129,wife,13
130,130,about,8
132,132,I,54
133,133,wrote,8
134,134,recent,8
135,135,biography,8
137,137,closest,8
138,138,came,9
139,139,insight,8
140,140,into,8
141,141,OrgThis,3
142,142,Where,4
143,143,Are,3
144,144,WomensRights,14
145,145,Workforce,3
147,147,business,3
148,148,leadership,3
149,149,Equality,4
150,150,Being,1
151,151,calm,1
153,153,priority,1
154,154,now,1
155,155,Affirmation,3
156,156,Affirmations,3
157,157,Business,1
158,158,Ptsd,1
159,159,Wednesdaythought,1
160,160,Wordstoliveby,1
161,161,Anxiety,1
162,162,Quoteoftheday,1
163,163,Energyhealer,1
164,164,Crystalhealer,1
165,165,Work,1
166,166,Hope,1
167,167,Belove,1
168,168,Selfcaresunday,1
169,169,Dreamhunter,1
170,170,Monday,1
171,171,Calming,1
172,172,KDansky,16
173,173,Never,3
176,176,proud,4
177,177,life,4
178,178,This,18
179,179,Artifacts,3
180,180,gallery,3
181,181,hometown,3
182,182,Athens,3
183,183,OH,3
184,184,spent,4
185,185,much,5
186,186,childhood,3
187,187,shoppin,3
188,188,Having,1
189,189,fun,1
190,190,giving,1
191,191,shit,2
192,192,Canadian,1
193,193,MGTOW,2
194,194,motto,1
195,195,Available,20
197,197,stickers,18
198,198,tshirts,18
199,199,mugs,18
200,200,masks,18
201,201,magnets,18
202,202,90,18
204,204,items,18
205,205,MGTOW,15
206,206,giftideas,11
208,208,grandmasproject,1
209,209,filmmaker,1
210,210,grandma,1
211,211,recipe,1
212,212,GrandmasProject,1
213,213,season,1
214,214,coming,1
216,216,Fall,1
218,218,7,1
219,219,new,3
220,220,episodes,1
221,221,webseries,1
222,222,foo,1
223,223,Playing,1
224,224,prejudices,1
226,226,prejudiced,1
227,227,Way,1
228,228,go,1
229,229,girls,1
230,230,FreedomConvoy,1
231,231,CouttsBorder,1
232,232,RCMP,1
234,234,This,1
235,235,still,1
236,236,thing,1
237,237,Enter,1
238,238,NOTJUST,1
240,240,checkout,1
241,241,20,1
243,243,everything,10
244,244,at,1
247,247,WednesdayMotivation,1
248,248,firstdayofschool,1
249,249,gay,1
250,250,HumpDay,1
251,251,quote,1
252,252,solidarity,2
253,253,qwoc,1
254,254,qtbipoc,1
256,256,Am,3
259,259,thinks,1
260,260,feminists,4
261,261,bitches,1
263,263,Like,1
265,265,want,3
266,266,treated,1
267,267,like,11
268,268,men,13
269,269,without,2
270,270,downsides,1
271,271,yeah,1
273,273,equals,1
275,275,woman,17
276,276,man,5
277,277,woman,2
278,278,feminisme,2
279,279,feminist,16
280,280,feministe,1
281,281,boys,1
282,282,tate,1
283,283,facts,1
284,284,toxicity,1
285,285,Radicalmayo,1
286,286,MRAs,1
287,287,actually,2
289,289,annoying,1
292,292,fighting,3
293,293,for,1
294,294,rights,1
295,295,already,1
296,296,have,1
297,297,BhargavaPriyash,2
298,298,Mother,2
300,300,Discovered,2
301,301,Poland,2
302,302,Now,3
303,303,adopted,2
304,304,different,4
305,305,ways,3
306,306,blood,2
307,307,sucking,2
308,308,FeministAreVampire,2
309,309,WomensRightsNet,2
310,310,year,3
311,311,FiLiAcharity,3
312,312,Saturday,2
313,313,evening,3
314,314,women,22
315,315,Wales,2
316,316,rally,2
317,317,topic,3
318,318,male,8
319,319,violence,2
320,320,a,3
321,321,MenCommission,1
322,322,barandbench,2
323,323,DebayonRoy,2
324,324,Yes,2
325,325,limited,2
326,326,choice,3
327,327,wear,2
328,328,demand,2
329,329,Undress,2
330,330,fundamental,2
331,331,rights,2
332,332,And,6
333,333,Check,3
335,335,Richard,1
336,336,Wilsons,1
337,337,video,1
338,338,TikTok,1
340,340,WomenReadWomen,3
341,341,Female,3
342,342,real,4
344,344,sex,5
345,345,Femininity,3
346,346,unreal,3
347,347,gender,3
348,348,become,3
349,349,given,4
350,350,identity,3
351,351,wome,3
352,352,FriendExx,2
353,353,WomenWontWeesht,15
354,354,WOMEN,6
355,355,class,3
356,356,gender,2
357,357,class,2
358,358,Womens,2
359,359,sports,2
360,360,spaces,2
361,361,medicine,2
362,362,activism,2
363,363,female,3
364,364,specifi,2
365,365,accompanying,1
368,368,dangerous,2
369,369,forms,1
370,370,work,4
371,371,would,15
372,372,always,2
373,373,fail,1
374,374,prostitution,1
375,375,sexwork,3
376,376,prostitution,3
377,377,Dating,1
378,378,likecrap,1
379,379,mgtow,20
380,380,funny,6
382,382,Future,4
383,383,Is,11
384,384,Female,4
385,385,Sex,4
386,386,Robots,4
387,387,black,3
388,388,text,4
390,390,easier,1
391,391,less,3
392,392,him,5
393,393,BerghahnFilm,1
394,394,MAD,2
395,395,MDCHEN,2
396,396,Feminism,5
397,397,Generational,2
398,398,Conflict,2
399,399,Recent,2
400,400,German,3
401,401,Literature,5
402,402,Film,2
404,404,Margaret,2
405,405,McCarthy,2
406,406,p,1
407,407,Justice,1
408,408,Chandrachuda,1
409,409,said,2
410,410,Indian,1
411,411,Constitution,1
412,412,feminist,1
413,413,X,3
414,414,Y,1
415,415,Hence,1
416,416,Proved,1
419,419,paperback,1
420,420,29952395,1
421,421,Learn,1
422,422,more,2
424,424,FilmTwitter,1
425,425,popculture,1
427,427,Bihar,1
428,428,Museums,1
429,429,exhibition,1
430,430,Women,1
431,431,Deities,1
432,432,feminist,5
433,433,intervention,1
434,434,seeing,1
435,435,Hinduism,1
436,436,time,2
438,438,India,1
439,439,sinking,1
440,440,revanchism,1
442,442,chinkis,1
443,443,Read,4
445,445,Bihar,1
447,447,vicscheyer,1
448,448,Currently,1
449,449,foreign,1
450,450,politics,1
451,451,discussion,1
453,453,integrate,1
455,455,standardising,1
456,456,ideas,1
457,457,co,1
458,458,submissive,1
459,459,losers,1
460,460,crazy,3
461,461,people,1
462,462,Get,2
463,463,away,2
465,465,major,1
466,466,cities,1
467,467,try,1
468,468,turning,1
469,469,news,1
471,471,pervertdesire,2
472,472,Dont,2
473,473,let,1
474,474,cunts,1
475,475,get,5
476,476,mouthy,1
477,477,nsfwtwt,2
478,478,sizediffrence,2
479,479,bdsm,4
480,480,misogyny,3
481,481,Misogynist,2
482,482,Daddyissue,2
483,483,rapekink,2
484,484,breeding,2
485,485,c,1
486,486,lmao,1
488,488,handsome,1
489,489,dudes,1
490,490,going,3
491,491,Olivia,1
492,492,Wilde,1
493,493,She,1
494,494,flatchested,1
495,495,hag,1
496,496,nothing,1
497,497,write,1
498,498,home,2
499,499,all,1
500,500,AND,1
501,501,got,1
502,502,knocked,1
505,505,SNL,1
506,506,hack,1
507,507,Mindboggling,1
508,508,lesson,2
509,509,effect,1
510,510,jaclynbiskup,2
511,511,Just,2
512,512,spots,2
513,513,left,2
514,514,DIFFICULT,4
515,515,Scene,4
516,516,Study,5
517,517,Tenets,2
518,518,A,28
520,520,acting,2
521,521,class,2
522,522,Wed,2
523,523,700,4
524,524,PM,9
525,525,1000,4
526,526,ET,4
527,527,Sept,4
528,528,1,1
529,529,Aloominati,1
530,530,real,2
531,531,test,1
533,533,projustice,1
535,535,group,3
537,537,belong,2
538,538,to,1
539,539,those,1
540,540,ChurchLifeND,7
541,541,What,8
542,542,Woman,6
543,543,HalfAnswered,6
544,544,Question,6
545,545,FavaleAbs,6
546,546,McGrathND,6
547,547,MattWalshBlog,6
548,548,realDailyWire,6
549,549,WhatIsAWoman,6
550,550,Gend,6
551,551,14,3
552,552,Oct,3
553,553,5,5
554,554,Meets,2
555,555,In,5
556,556,Person,2
557,557,Tank,2
558,558,312,2
559,559,West,2
560,560,36th,2
561,561,Street,2
562,562,6th,2
563,563,Floor,2
564,564,Fee,1
565,565,95,2
567,567,Auditors,2
568,568,40,2
569,569,bio,3
570,570,info,3
571,571,acting,2
572,572,scenestudy,2
573,573,theatre,2
575,575,Im,2
576,576,single,2
578,578,How,4
580,580,started,1
581,581,its,2
582,582,going,1
583,583,feminismiscancer,2
584,584,rockefeller,1
585,585,indocrination,1
586,586,school,1
587,587,schools,1
588,588,family,1
589,589,birthcontrol,1
590,590,equity,1
592,592,commercial,1
593,593,exchange,1
595,595,RHRMLBlog,1
596,596,New,2
597,597,post,2
598,598,alert,5
599,599,Lets,2
600,600,talk,5
601,601,medieval,2
602,602,feminism,10
603,603,Good,2
604,604,Wife,7
605,605,Bath,2
606,606,Karen,2
607,607,Brooks,2
608,608,ReadingHasRuinedMyLife,2
609,609,BookBlog,2
611,611,BookReview,1
612,612,NewPost,1
613,613,HistoricalFiction,1
614,614,booktwt,1
616,616,met,1
617,617,many,3
618,618,warm,1
619,619,care,7
620,620,people,3
621,621,protectors,1
624,624,clearly,2
625,625,solution,1
626,626,HumanRights,1
627,627,WomanRights,1
629,629,party,1
630,630,maybe,1
631,631,good,3
632,632,idea,2
633,633,could,2
634,634,remote,1
635,635,karaoke,2
636,636,party,1
637,637,sing,1
639,639,morning,1
640,640,someday,1
642,642,end,1
643,643,eat,2
644,644,ramen,1
645,645,noodle,1
647,647,put,14
648,648,Pronouns,13
649,649,bio,14
650,650,TERFs,13
651,651,TeamTERF,13
652,652,YoungGCWomenUnite,15
653,653,LetWomenSpeak,13
654,654,SaveWomen,13
655,655,Bitcoin,5
656,656,Changing,5
657,657,Wealth,5
658,658,white,4
659,659,text,6
661,661,RadFemskisumu,5
662,662,Behind,6
663,663,every,8
664,664,organization,6
666,666,team,14
667,667,working,6
668,668,ensure,6
669,669,runs,6
670,670,smoothly,6
671,671,us,6
673,673,made,8
674,674,u,6
675,675,DrEinavRFox,1
676,676,Please,2
677,677,Join,2
679,679,September,2
680,680,15th,2
681,681,6pm,2
682,682,fashion,2
683,683,politics,2
684,684,between,2
685,685,Online,2
686,686,NYHistory,2
687,687,AbuTaymiyyahMJ,65
688,688,5050,66
689,689,Rights,65
690,690,Husband,65
691,691,amp,75
692,692,Men,70
694,694,wives,65
695,695,pay,68
696,696,bill,65
697,697,woman,67
698,698,Men,65
700,700,Caelleigh1,1
701,701,miacat47,1
702,702,LeftismForU,1
703,703,Self,1
704,704,Made,1
705,705,Man,1
706,706,written,3
707,707,Feminist,10
708,708,Lesbian,1
710,710,lived,1
711,711,dated,1
712,712,man,1
714,714,100,1
715,715,rips,1
716,716,shreds,1
717,717,Fact,1
718,718,says,1
720,720,ever,2
721,721,anything,2
723,723,judgemental,1
724,724,hateful,1
725,725,bitter,1
726,726,0,1
727,727,accountability,1
728,728,women,5
729,729,Persistence,1
730,730,patience,1
731,731,prayer,1
732,732,pays,1
733,733,profits,1
734,734,prosperity,1
735,735,peace,3
736,736,mind,1
737,737,Voltaire,1
739,739,true,1
740,740,measure,1
741,741,equality,1
742,742,UK,1
743,743,government,2
744,744,UK,1
745,745,FrenchEmbassyUg,5
746,746,CreativeFeministAdvocacyUg,6
747,747,3day,6
748,748,workshop,6
749,749,Intergenerational,6
750,750,Creative,6
751,751,Ugandan,6
752,752,Moveme,5
753,753,AGroomsmen,2
754,754,tell,4
755,755,time,3
756,756,advise,3
757,757,way,3
758,758,itsthatbad,3
759,759,greenpill,3
760,760,rejection,3
761,761,Movement,1
762,762,coalition,1
763,763,leaders,1
764,764,opened,1
765,765,today,2
766,766,Kampala,1
767,767,emphasis,1
768,768,womenrights,1
769,769,African,1
770,770,principles,1
771,771,tinabutegwa,1
772,772,movewiththeflo,1
774,774,preejusdiary,3
775,775,Dear,3
776,776,Men,4
778,778,yourselves,3
779,779,least,3
781,781,parents,3
782,782,Dont,3
783,783,married,3
784,784,MarriageStrike,3
785,785,MG,3
786,786,FiLiAcharity,22
791,791,With,9
792,792,FREYA,1
793,793,Hwistrich,1
794,794,helensteel12,1
795,795,SARAH,1
796,796,sukhdevreel,1
798,798,trust,1
799,799,aptliUW,2
800,800,Webinar,3
801,801,Turkish,3
802,802,Translation,3
803,803,Amy,3
804,804,Marie,3
805,805,Spangler,3
806,806,Discusses,3
807,807,A,3
808,808,Strange,3
809,809,Woman,3
810,810,Leyla,3
811,811,Erbil,3
812,812,Thurs,3
813,813,Se,2
814,814,white,1
817,817,NehandaMusic,2
818,818,Hear,3
820,820,brand,2
821,821,song,2
822,822,FiLiA2022,2
823,823,enjoy,2
824,824,listening,2
825,825,I,2
826,826,Wom,2
827,827,Hillary,1
828,828,Clinton,1
829,829,Logo,1
830,830,Revised,1
832,832,Nothing,1
833,833,changed,1
834,834,humour,1
835,835,humournoir,1
836,836,mensrights,2
837,837,sex,1
839,839,PaperCrownRw,3
840,840,Want,12
841,841,know,8
842,842,secret,3
843,843,Youre,3
844,844,probably,4
845,845,feminist,3
846,846,Follow,4
847,847,us,9
848,848,month,3
849,849,deconstruct,3
850,850,myths,3
851,851,around,5
852,852,provi,3
853,853,DressedforFreedom,1
854,854,FashionHistory,1
855,855,genderhistory,1
856,856,womnknowhistory,1
857,857,IllinoisPress,1
859,859,MenofValue,1
860,860,CyrusMistry,1
861,861,An,1
862,862,impatient,1
863,863,experience,4
864,864,Dr,1
865,865,took,2
866,866,life,3
867,867,VIP,1
868,868,person,1
869,869,No,9
870,870,news,1
871,871,channel,1
872,872,saying,2
873,873,this,1
874,874,Biased,1
875,875,Med,1
876,876,atheistathenian,1
877,877,Yikes,1
878,878,Radical,1
879,879,feminism,1
880,880,ohmy,1
881,881,radicalfeminism,1
882,882,AdultHumanFemale,1
883,883,GenderCritical,1
884,884,gendercult,1
885,885,F,3
886,886,KaceyKells,8
887,887,HisStory,8
888,888,Women,6
892,892,heforshe,1
893,893,womenempowerment,2
895,895,Makes,1
896,896,u,3
897,897,think,2
898,898,NiftySpooks,1
899,899,NiftySpooks,1
900,900,NFT,1
901,901,NFTArt,1
902,902,NFTs,1
903,903,NFTCollection,1
904,904,Privacy,1
905,905,Web3,1
906,906,NFTProject,1
907,907,NFTCommunity,1
908,908,men,1
909,909,women,5
911,911,You,2
912,912,Got,1
913,913,Feeling,1
914,914,saraahmed,1
915,915,socialjustice,2
916,916,intersectionalfeminism,4
917,917,lgbt,1
918,918,wgss,1
919,919,genderstudies,1
920,920,affect,1
921,921,graphics,2
922,922,graphicdesign,2
923,923,collageart,1
924,924,art,3
925,925,feministart,2
926,926,queerart,1
928,928,Excuse,3
929,929,Im,3
930,930,MANSPLAINING,3
931,931,here,3
932,932,Chad,4
933,933,alphamale,1
934,934,ToxicMasculinity,3
936,936,gigachad,1
937,937,alpha,1
938,938,mansplain,1
940,940,theLFshow,1
941,941,Marine,2
942,942,mammals,1
943,943,guides,1
944,944,alexispauline,1
945,945,Gumbs,1
946,946,Undrowned,1
947,947,Black,1
948,948,Lessons,1
949,949,Mammals,1
950,950,the,1
951,951,Watch,1
952,952,trial,1
953,953,research,1
954,954,leader,1
955,955,indicates,1
956,956,orders,1
957,957,AmberHeard,1
958,958,amberheardstans,1
959,959,misandry,1
960,960,SherlockHolmes,1
961,961,the,1
962,962,Variety,1
965,965,mansplaining,1
967,967,PriorityDomains,1
968,968,TheFemaleOfTheSpecies,1
969,969,Getting,1
970,970,work,3
971,971,done,1
972,972,lion,1
973,973,lions,1
974,974,lioness,1
975,975,ThreeLions,1
976,976,man,1
977,977,BossLad,1
978,978,Phenomenal,1
979,979,story,1
980,980,changing,1
981,981,rape,1
982,982,WomensRightsAreHumanRights,2
984,984,Sept,1
985,985,29,1
986,986,2022,1
987,987,3430,1
988,988,Link,1
989,989,register,1
991,991,Turkish,1
992,992,translation,1
993,993,literature,1
994,994,novelteesandswg,1
995,995,ShePersisted,1
996,996,Resist,1
997,997,fist,1
998,998,shirt,1
999,999,today,3
1000,1000,RoeVsWade,1
1001,1001,RoeVWade,1
1002,1002,SaveRoeVsWade,1
1003,1003,SaveRoeVWade,1
1004,1004,SaveRoe,1
1005,1005,amazing,1
1006,1006,young,1
1007,1007,dedicated,1
1008,1008,feminists,1
1009,1009,feministleadership,1
1010,1010,amazing,1
1011,1011,queer,1
1013,1013,30,2
1014,1014,folks,2
1015,1015,experts,1
1016,1016,various,1
1017,1017,fields,1
1018,1018,feministLeadership,1
1020,1020,Know,1
1021,1021,working,1
1023,1023,To,1
1024,1024,join,1
1025,1025,ikshana,1
1026,1026,dm,1
1028,1028,directly,1
1029,1029,fill,1
1030,1030,form,1
1031,1031,ikshana,1
1032,1032,ikshanaindia,1
1033,1033,ikshanajabalpur,1
1034,1034,ngo,1
1035,1035,womensupportingwomen,1
1036,1036,childeducation,1
1037,1037,education,1
1038,1038,awareness,1
1039,1039,ngoindia,1
1041,1041,GoddessNike23,3
1042,1042,If,6
1043,1043,small,4
1044,1044,dick,4
1045,1045,send,4
1046,1046,tribute,4
1047,1047,CervixxxC,4
1048,1048,thank,5
1049,1049,Your,4
1050,1050,never,4
1051,1051,able,4
1052,1052,to,3
1053,1053,ArcEng9154644,2
1054,1054,In,2
1055,1055,1492,2
1056,1056,Columbus,2
1057,1057,brought,2
1058,1058,Labor,2
1059,1059,Day,2
1060,1060,Americaand,2
1061,1061,STILL,2
1063,1063,nothing,2
1064,1064,LaborDay,2
1065,1065,HappyLaborDayWeekend,2
1066,1066,Al,2
1067,1067,The,1
1068,1068,way,3
1069,1069,find,1
1070,1070,larger,1
1071,1071,vision,1
1072,1072,somewhere,1
1073,1073,particular,1
1074,1074,Donna,1
1075,1075,Haraway,1
1076,1076,donnaharaway,1
1077,1077,knowledge,1
1078,1078,science,1
1079,1079,community,1
1081,1081,One,3
1082,1082,ones,4
1083,1083,dharma,1
1084,1084,duty,1
1085,1085,arisen,1
1086,1086,is,1
1087,1087,anyone,1
1088,1088,elses,1
1089,1089,called,1
1090,1090,atmadharma,1
1091,1091,Free,1
1092,1092,now,1
1093,1093,ebook,1
1094,1094,version,1
1095,1095,Click,1
1096,1096,link,2
1097,1097,See,1
1098,1098,000,1
1099,1099,buy,1
1100,1100,click,1
1101,1101,Buy,1
1103,1103,with,1
1104,1104,Enjoy,1
1105,1105,w,1
1106,1106,compliments,1
1108,1108,psychology,1
1109,1109,youth,1
1110,1110,Jung,1
1111,1111,Try2StopME,1
1112,1112,Gender,3
1113,1113,Discrimination,1
1115,1115,focus,1
1116,1116,future,1
1117,1117,Lawofattraction,1
1118,1118,Relationship,2
1119,1119,Art,1
1120,1120,Believe,1
1121,1121,Sunday,1
1122,1122,Spirit,1
1123,1123,Affirmationnation,1
1124,1124,Fridayfeeling,1
1125,1125,Mentalhealth,1
1126,1126,Selfworth,1
1127,1127,Inspirational,1
1128,1128,Trending,1
1129,1129,Grateful,1
1130,1130,Sleep,2
1131,1131,Btw,1
1133,1133,deserves,1
1134,1134,respect,1
1135,1135,love,3
1136,1136,btw,1
1138,1138,deserve,2
1139,1139,pain,1
1141,1141,istandwithbrendanfraser,1
1142,1142,BrendanFraser,1
1143,1143,JusticeForBrendanFraser,1
1144,1144,metoo,2
1145,1145,starfallgoddess,1
1146,1146,thebishyouhate,1
1147,1147,AestheticCyn,1
1148,1148,exposingrich,1
1149,1149,ibelieveamber,1
1150,1150,1800EnoughLies,1
1153,1153,npquarterly,2
1154,1154,Abolition,3
1155,1155,envisionand,3
1156,1156,creatinga,3
1157,1157,economic,3
1158,1158,redistribution,3
1159,1159,communal,3
1160,1160,care,3
1161,1161,accoun,2
1162,1162,redpill,3
1163,1163,mgtow101,3
1164,1164,rationalmale,3
1165,1165,alphamalestrategies,3
1166,1166,mgtowisthefuture,3
1167,1167,redpilled,3
1168,1168,mgtowredpill,3
1169,1169,GET,3
1170,1170,BIGGER,3
1173,1173,accountability,1
1175,1175,CResistance,1
1176,1176,AbolitionNow,1
1179,1179,marvelousdivas,2
1180,1180,Oh,3
1181,1181,nOoOo,1
1182,1182,hOpE,1
1183,1183,dOnT,1
1184,1184,fAll,1
1186,1186,leaps,1
1187,1187,latest,2
1188,1188,ep,2
1189,1189,Infinity,2
1190,1190,Diva,2
1191,1191,Captain,2
1192,1192,America,2
1193,1193,Winter,2
1194,1194,Soldie,1
1195,1195,Princes9302,1
1196,1196,Cultural,1
1197,1197,magazineLilitAbortion,1
1198,1198,Jewish,2
1199,1199,value,2
1200,1200,Stephen,1
1201,1201,FlecktThe,1
1202,1202,researcherandpromoterof,1
1203,1203,AmericaW,1
1204,1204,Everything,1
1205,1205,copy,1
1207,1207,review,1
1208,1208,Nora,1
1209,1209,Ephron,1
1210,1210,Collected,1
1212,1212,journalism,1
1213,1213,satire,1
1214,1214,VRooodri,1
1215,1215,My,1
1216,1216,friend,1
1217,1217,colleague,1
1218,1218,Gaby,1
1219,1219,Gallardo,1
1220,1220,delighted,1
1221,1221,guest,1
1222,1222,lecture,1
1223,1223,Feminists,1
1224,1224,Democracies,1
1226,1226,course,1
1228,1228,TheGr8Illusion,2
1229,1229,We,6
1230,1230,Resistance,2
1231,1231,title,2
1232,1232,single,2
1233,1233,Amazing,2
1234,1234,video,2
1235,1235,GretaThunberg,2
1236,1236,CoryBooker,2
1237,1237,thelittleidiot,2
1238,1238,RepAdamSchiff,2
1240,1240,TheVagitarian,1
1241,1241,So,2
1242,1242,middleaged,1
1243,1243,angry,1
1244,1244,picking,1
1245,1245,them,2
1246,1246,Not,2
1248,1248,min,1
1249,1249,finds,1
1250,1250,linked,1
1251,1251,ones,1
1253,1253,better,1
1254,1254,image,1
1256,1256,womenwritersnet,1
1257,1257,NastasyaParker,1
1258,1258,yes,1
1260,1260,complaining,1
1261,1261,state,1
1262,1262,womens,1
1263,1263,education,1
1264,1264,everything,1
1265,1265,goes,1
1266,1266,back,2
1267,1267,long,2
1269,1269,FeministWIDE,1
1270,1270,First,2
1271,1271,interpret,2
1272,1272,women,3
1273,1273,security,2
1274,1274,framework,2
1275,1275,militarization,2
1276,1276,Remember,2
1277,1277,BIG,1
1278,1278,event,1
1279,1279,hosted,1
1280,1280,MonarchICT,1
1281,1281,October,1
1282,1282,follow,2
1283,1283,Instagram,1
1284,1284,missionbluemusic,1
1285,1285,content,1
1286,1286,updates,1
1287,1287,WomenEmpowerment,9
1288,1288,missionblue,1
1290,1290,21Convention,1
1291,1291,Texas,1
1292,1292,father,1
1293,1293,FIGHTS,1
1294,1294,save,1
1295,1295,son,1
1296,1296,CRAZY,1
1297,1297,WOKE,1
1298,1298,judge,1
1299,1299,matriarchy,1
1300,1300,itself,1
1301,1301,savejames,1
1302,1302,fathers,1
1303,1303,MeidasTouch,1
1304,1304,Wheres,1
1305,1305,feminisms,1
1306,1306,isms,1
1307,1307,Just,1
1308,1308,askingfor,1
1309,1309,Dave,1
1310,1310,Chappelle,1
1311,1311,kanyewest,1
1312,1312,trump,1
1313,1313,TrumpRally,1
1314,1314,itslizz88,1
1315,1315,Autumn,1
1316,1316,2023,1
1317,1317,ArtspacePhoenix,1
1318,1318,Brighton,1
1319,1319,Broken,1
1320,1320,Grey,1
1321,1321,Wires,1
1322,1322,curate,1
1323,1323,radical,1
1324,1324,experimental,1
1325,1325,essential,3
1326,1326,exhibition,1
1327,1327,ChiragMRA,3
1328,1328,When,1
1329,1329,someone,1
1330,1330,Metoo,1
1331,1331,card,1
1332,1332,comes,1
1333,1333,out,1
1334,1334,Very,1
1335,1335,similar,1
1336,1336,Tanushree,1
1337,1337,Dutta,1
1338,1338,Vs,1
1339,1339,Nana,1
1340,1340,Patekar,1
1341,1341,episode,1
1342,1342,Oppurtunist,1
1343,1343,Seems,2
1344,1344,shut,1
1345,1345,shop,1
1346,1346,Big,1
1347,1347,Bindi,1
1348,1348,Brigade,1
1349,1349,Indian,1
1350,1350,preaches,1
1351,1351,cskkanu,1
1352,1352,BoycottDarlings,1
1353,1353,BoycottNetflix,1
1354,1354,BoycottbollywoodForever,1
1355,1355,Bollywood,1
1356,1356,corrupted,1
1357,1357,simps,1
1359,1359,Found,1
1360,1360,amusing,1
1361,1361,modernwomen,1
1363,1363,Has,1
1364,1364,ambitious,1
1365,1365,9Knowled9e,1
1367,1367,Signs,1
1368,1368,things,4
1369,1369,come,1
1372,1372,DuffysQuips,1
1373,1373,Were,1
1374,1374,planning,1
1375,1375,something,1
1376,1376,big,1
1377,1377,worldmenopauseday,1
1378,1378,watch,1
1379,1379,space,1
1380,1380,shoutmenopauseout,1
1381,1381,makemenopausematter,1
1382,1382,grassroo,1
1383,1383,sm123678,1
1384,1384,strict,1
1385,1385,punishment,1
1386,1386,womens,1
1387,1387,mother,1
1388,1388,destroying,2
1389,1389,sons,1
1390,1390,career,1
1391,1391,child,1
1392,1392,go,1
1393,1393,MenToo,1
1394,1394,falsecase,1
1395,1395,orgasm,1
1396,1396,otherwise,1
1397,1397,Be,1
1398,1398,thankful,1
1399,1399,happywifehappylife,1
1400,1400,relationshipgoals,1
1401,1401,dating,3
1402,1402,datinglife,1
1403,1403,couples,1
1404,1404,Feminist,13
1405,1405,couplestherapy,1
1406,1406,sextherapist,1
1407,1407,findom,1
1409,1409,TAbalaji0500,1
1410,1410,ShoneeKapoor,2
1411,1411,Only,1
1412,1412,chooses,1
1413,1413,woman,3
1414,1414,stay,1
1415,1415,winning,2
1416,1416,move,2
1417,1417,play,2
1419,1419,Fantastic,1
1420,1420,nutshell,1
1422,1422,Face,1
1423,1423,hidden,1
1425,1425,media,1
1426,1426,in,1
1427,1427,Previously,1
1428,1428,managed,1
1429,1429,crimes,1
1430,1430,gracefully,1
1431,1431,left,1
1432,1432,reality,1
1433,1433,blaming,1
1434,1434,patriarchy,2
1437,1437,investigates,1
1438,1438,origins,1
1439,1439,consequences,1
1440,1440,objectification,1
1442,1442,explain,1
1443,1443,import,1
1444,1444,everyones,1
1445,1445,cup,1
1446,1446,chai,1
1447,1447,bother,1
1449,1449,Repost,1
1450,1450,via,6
1451,1451,notyourwife,1
1452,1452,artistsoninstagram,1
1453,1453,illustragram,1
1454,1454,feministartist,1
1456,1456,PrincessOfBlogs,6
1457,1457,princess,6
1458,1458,blogger,6
1459,1459,anime,6
1460,1460,review,6
1461,1461,animation,6
1462,1462,princessknight,6
1463,1463,progressive,6
1464,1464,transgender,6
1465,1465,fairytale,6
1466,1466,prince,6
1467,1467,p,6
1468,1468,you,1
1470,1470,stan,1
1471,1471,emotionally,1
1472,1472,intelligent,1
1473,1473,king,1
1474,1474,Sol,1
1475,1475,activists,1
1476,1476,China,1
1477,1477,warned,1
1478,1478,police,1
1479,1479,say,2
1480,1480,aftermath,1
1481,1481,Tangshan,1
1482,1482,I,1
1483,1483,used,1
1484,1484,hard,1
1485,1485,imagining,1
1486,1486,suppress,1
1487,1487,feminism,3
1488,1488,Im,5
1489,1489,watching,1
1490,1490,country,1
1491,1491,erase,1
1492,1492,movement,1
1497,1497,fairplaywomen,3
1498,1498,marayamauchi,3
1499,1499,sharrond62,3
1500,1500,challenges,3
1501,1501,achievement,3
1502,1502,everyone,1
1503,1503,isnt,1
1504,1504,arashi,1
1506,1506,Proud,6
1507,1507,show,6
1508,1508,Kacey,6
1509,1509,Kellss,6
1510,1510,books,6
1511,1511,KELLCEY,6
1513,1513,Women,6
1514,1514,As,2
1515,1515,always,1
1516,1516,wed,1
1517,1517,hear,1
1518,1518,thoughts,1
1520,1520,intersectionality,1
1521,1521,mean,1
1522,1522,you,2
1523,1523,make,4
1524,1524,sure,1
1525,1525,explorations,1
1526,1526,theory,3
1527,1527,fore,1
1528,1528,Let,1
1529,1529,comment,1
1530,1530,thread,1
1532,1532,feministtheory,1
1533,1533,intersectionality,1
1535,1535,madufault,1
1536,1536,Mom,1
1537,1537,worked,1
1538,1538,80s,1
1539,1539,walked,1
1540,1540,heels,1
1541,1541,James,1
1542,1542,Bay,1
1543,1543,went,1
1544,1544,daycare,1
1545,1545,goldenhood,1
1546,1546,heritage,1
1547,1547,ellexerotica,1
1548,1548,NEW,2
1549,1549,VIDEO,2
1550,1550,6,2
1551,1551,Lies,2
1552,1552,About,2
1553,1553,Female,5
1554,1554,Submission,2
1556,1556,Ms,2
1557,1557,Elle,2
1559,1559,YouTube,3
1560,1560,sub,2
1561,1561,submissive,2
1562,1562,kin,1
1563,1563,kink,1
1564,1564,Dazon,2
1565,1565,Dixon,2
1566,1566,Diallo,2
1567,1567,fought,2
1568,1568,reproductive,2
1569,1569,justice,2
1570,1570,decades,2
1571,1571,abortion,3
1572,1572,prochoice,2
1573,1573,abortionishealthcare,2
1574,1574,abortionaf,2
1575,1575,trustwomen,2
1576,1576,reproductivejustice,2
1577,1577,reprorights,2
1578,1578,pensignal,2
1580,1580,stehponie,2
1581,1581,go,1
1582,1582,way,1
1583,1583,stand,1
1584,1584,fight,2
1585,1585,right,1
1586,1586,Stand,1
1587,1587,greatest,1
1588,1588,evil,2
1589,1589,time,2
1590,1590,AntiWhiteism,1
1591,1591,Take,1
1592,1592,destiny,1
1593,1593,scum,1
1594,1594,claimed,1
1595,1595,birthright,1
1596,1596,There,1
1597,1597,Love,1
1598,1598,Hope,1
1599,1599,Redemption,1
1600,1600,cookyiekf,1
1601,1601,Gurl,1
1602,1602,may,1
1603,1603,look,1
1604,1604,gorgeous,1
1605,1605,gorgeousso,1
1606,1606,gorgeous,1
1607,1607,outshine,1
1608,1608,sun,1
1609,1609,see,3
1610,1610,blind,1
1611,1611,Adrien,1
1612,1612,Agreste,1
1613,1613,selflove,9
1614,1614,beauty,1
1615,1615,GoodLooking,1
1616,1616,FamilyManberl,1
1617,1617,Feminists,3
1618,1618,also,2
1619,1619,believe,2
1620,1620,evolution,1
1621,1621,cultural,1
1622,1622,changes,1
1623,1623,getting,1
1625,1625,DNA,1
1626,1626,next,1
1627,1627,generation,1
1628,1628,hence,1
1629,1629,figh,1
1630,1630,frack,1
1631,1631,yeah,1
1632,1632,Spot,1
1633,1633,on,1
1634,1634,They,2
1635,1635,definitely,1
1636,1636,do,1
1637,1637,Many,1
1638,1638,dont,2
1639,1639,realize,2
1640,1640,AntiWhiteism,1
1641,1641,behind,1
1642,1642,issues,1
1643,1643,hate,1
1644,1644,simply,1
1646,1646,White,1
1648,1648,reason,1
1649,1649,Which,1
1650,1650,invariably,1
1651,1651,leads,1
1652,1652,movements,1
1653,1653,Squatchbro,1
1654,1654,Brotherhood,1
1655,1655,doesnt,1
1656,1656,give,1
1657,1657,fuck,1
1658,1658,toxicmasculinity,1
1661,1661,Pro,1
1662,1662,Life,1
1663,1663,Translation,1
1664,1664,Unplanned,1
1665,1665,Pregnancy,2
1666,1666,Away,1
1667,1667,ProChoice,1
1668,1668,tshirt,1
1669,1669,available,1
1670,1670,Etsy,1
1671,1671,RoeRoeRoeYourVote,1
1672,1672,RoevemberIsComing,1
1673,1673,HellHathNoFury,1
1674,1674,abortionrights,1
1675,1675,vote,1
1676,1676,pro,1
1677,1677,rights,1
1679,1679,iced,1
1680,1680,matcha,1
1681,1681,latte,1
1682,1682,almond,1
1683,1683,milk,1
1684,1684,youre,1
1685,1685,JoeBidensAmerica,1
1686,1686,cooter,1
1687,1687,MistressHelen54,1
1688,1688,PERFECT,1
1689,1689,OR,1
1690,1690,NOT,1
1692,1692,sissy,1
1694,1694,old,1
1695,1695,quote,1
1696,1696,Simone,1
1697,1697,de,1
1698,1698,Beauvoir,1
1699,1699,either,1
1700,1700,Tolkien,1
1701,1701,ends,1
1702,1702,encapsulates,1
1703,1703,keyspring,1
1704,1704,Lord,1
1705,1705,Rings,1
1706,1706,apt,1
1707,1707,clip,1
1708,1708,spread,1
1709,1709,wake,1
1710,1710,awful,1
1711,1711,lot,1
1712,1712,RingsOfPower,1
1713,1713,related,1
1714,1714,misogyny,1
1716,1716,Ding,1
1717,1717,dong,1
1718,1718,feminism,1
1719,1719,dead,1
1720,1720,BELIEVE,1
1721,1721,ALL,1
1722,1722,WOMEN,1
1723,1723,That,1
1724,1724,means,3
1725,1725,liars,1
1726,1726,who,1
1727,1727,cares,1
1728,1728,true,1
1729,1729,But,3
1730,1730,bed,1
1731,1731,IStandWithJohnnyDepp,2
1732,1732,IStandWithMarilynManson,1
1733,1733,amberheardisapsychopath,2
1734,1734,AmberHeardIsAnAbuser,1
1735,1735,MSM,1
1736,1736,kattenbarge,1
1738,1738,PureArchetype,1
1739,1739,control,2
1740,1740,protect,2
1741,1741,family,2
1742,1742,That,2
1744,1744,listen,2
1745,1745,in,1
1746,1746,order,1
1747,1747,protected,1
1748,1748,Teaching,2
1749,1749,Philosophy,2
1750,1750,Wednesdays,2
1751,1751,Meet,1
1752,1752,Regular,1
1753,1753,Rate,1
1754,1754,difficultwomen,1
1756,1756,wifeofanagp,1
1757,1757,No,1
1758,1758,So,1
1759,1759,what,1
1760,1760,I,1
1761,1761,care,1
1762,1762,words,1
1763,1763,necessary,4
1764,1764,Shero,1
1765,1765,Germaine,1
1766,1766,Greer,1
1768,1768,Thats,1
1769,1769,be,1
1770,1770,AWForwardUK,3
1771,1771,Period,4
1772,1772,poverty,4
1773,1773,ongoing,4
1774,1774,issue,4
1775,1775,UK,5
1776,1776,Nearly,4
1778,1778,girls,4
1779,1779,found,4
1780,1780,challenging,4
1781,1781,afford,4
1782,1782,menstrual,4
1783,1783,products,4
1784,1784,an,3
1785,1785,resorted,1
1786,1786,toilet,1
1787,1787,roll,1
1788,1788,according,1
1789,1789,Plan,1
1790,1790,International,1
1791,1791,periodpoverty,1
1792,1792,Unapologetically,8
1793,1793,Myself,8
1794,1794,moss,1
1795,1795,green,2
1796,1796,tshirt,8
1797,1797,promotes,8
1798,1798,womens,8
1799,1799,empowerment,8
1800,1800,supports,8
1801,1801,self,8
1802,1802,esteem,8
1803,1803,shirt,8
1804,1804,Grab,8
1805,1805,NOW,8
1807,1807,womensday,8
1808,1808,WomensArt,8
1809,1809,selfcare,8
1810,1810,WomenSupportingWomen,8
1812,1812,cute,6
1814,1814,red,1
1816,1816,yellow,1
1818,1818,blue,1
1820,1820,grey,1
1822,1822,white,3
1824,1824,Drain,1
1825,1825,last,1
1826,1826,drop,1
1827,1827,bitch,1
1828,1828,cumslu,1
1830,1830,10,1
1831,1831,sometime,2
1832,1832,relate,1
1833,1833,WhiteSupremacist,1
1834,1834,disappointed,1
1836,1836,strange,1
1837,1837,HumanErrors,1
1838,1838,basically,1
1839,1839,friendly,1
1840,1840,human,2
1841,1841,cheerful,1
1842,1842,polite,1
1843,1843,hiromix,1
1844,1844,liked,1
1845,1845,agenda,1
1846,1846,forth,1
1847,1847,shambles,1
1848,1848,clear,1
1849,1849,biological,1
1850,1850,differences,1
1851,1851,inferior,1
1852,1852,superior,1
1853,1853,fact,1
1854,1854,putting,5
1855,1855,nonsense,1
1856,1856,world,1
1857,1857,staywoke,1
1860,1860,SATURDAY,6
1861,1861,evening,6
1862,1862,organised,6
1863,1863,WRNWales,6
1864,1864,MerchedCymru,7
1865,1865,Rally,6
1866,1866,protesting,6
1867,1867,sexu,6
1868,1868,TheTravellingH2,4
1869,1869,together,4
1870,1870,Ann,4
1871,1871,Walker,4
1872,1872,playlist,4
1874,1874,modern,5
1875,1875,songs,4
1876,1876,music,4
1877,1877,likely,4
1878,1878,listened,4
1879,1879,lov,4
1880,1880,Choosing,1
1881,1881,2b,1
1882,1882,housewife,1
1883,1883,career,1
1884,1884,single,1
1885,1885,etc,1
1886,1886,Thank,1
1887,1887,that,1
1888,1888,tlot,1
1890,1890,GangstaOtter,2
1891,1891,whole,2
1893,1893,nytimes,1
1894,1894,NASAs,1
1895,1895,purpose,1
1896,1896,sending,1
1897,1897,moon,1
1898,1898,Diversity,1
1899,1899,POLITICAL,1
1900,1900,reasons,1
1901,1901,SCIENCE,1
1902,1902,LockedStarNSFW,1
1903,1903,ottawa,3
1904,1904,models,3
1905,1905,wanted,4
1906,1906,live,4
1907,1907,webcam,3
1908,1908,shows,3
1909,1909,1000hour,3
1910,1910,Any,3
1911,1911,type,3
1912,1912,Fun,3
1913,1913,easy,4
1914,1914,DM,3
1915,1915,start,2
1916,1916,modelswanted,1
1917,1917,nsfwtw,1
1918,1918,msfwtwt,1
1919,1919,onlyfans,1
1920,1920,onlyfansgirl,1
1922,1922,Symbol,1
1923,1923,Going,1
1924,1924,Their,1
1925,1925,Own,1
1926,1926,Way,1
1928,1928,Single,1
1929,1929,Taken,1
1930,1930,MGTOW,1
1933,1933,Forget,1
1934,1934,Women,1
1935,1935,Acquire,1
1936,1936,Currency,1
1938,1938,hangarslang,1
1939,1939,Females,2
1940,1940,money,2
1941,1941,hangarslang,2
1942,1942,females,2
1943,1943,alphafemale,2
1944,1944,podcast,2
1946,1946,Why,6
1947,1947,NICE,3
1948,1948,GIRLS,6
1949,1949,finish,6
1950,1950,FIRST,3
1951,1951,BAD,3
1952,1952,LAST,3
1953,1953,relationships,5
1954,1954,success,1
1956,1956,sucks,1
1958,1958,justman70446122,1
1959,1959,bullies,4
1960,1960,Feudal,2
1961,1961,Gangsters,2
1962,1962,simple,2
1963,1963,main,2
1964,1964,operating,2
1965,1965,mode,2
1966,1966,b,1
1967,1967,bullying,1
1968,1968,false,3
1969,1969,accusations,1
1970,1970,gendergangsters,1
1971,1971,Otepoti9010,1
1972,1972,consume,1
1973,1973,dairy,1
1974,1974,Hypocrite,1
1975,1975,mothersagainstdairy,1
1976,1976,Feminism,1
1977,1977,Wolf,1
1978,1978,Packs,1
1979,1979,led,1
1980,1980,Alpha,1
1982,1982,Feminismo,1
1983,1983,Oppositional,1
1984,1984,Defiance,1
1985,1985,Patriarchal,1
1986,1986,Oppression,1
1987,1987,Disorder,1
1988,1988,amiright,1
1989,1989,mentalhealth,1
1990,1990,screwtheDSM,1
1991,1991,TheRingsOfPower,1
1992,1992,UnderminePatriarchalAuthorityForever,1
1993,1993,willpower,1
1994,1994,DisorderAsFeministMethod,1
1996,1996,strongwomen,1
1998,1998,ALPHA,1
1999,1999,traditional,1
2004,2004,Bforbackup,1
2005,2005,history,2
2006,2006,Postmodern,2
2007,2007,feminism,2
2008,2008,rejects,2
2009,2009,uniform,2
2010,2010,phrasing,2
2011,2011,term,2
2012,2012,woman,2
2013,2013,the,2
2014,2014,huma,1
2015,2015,human,1
2016,2016,Tries,1
2017,2017,overcome,1
2018,2018,binary,1
2019,2019,hierarchical,1
2020,2020,comparisons,1
2021,2021,Basically,1
2022,2022,pretty,1
2023,2023,distinguished,1
2024,2024,multiple,1
2025,2025,POVs,1
2026,2026,Philosophiemagazin,1
2027,2027,042022,1
2028,2028,EricaVerrillo,1
2029,2029,manipulate,4
2030,2030,promising,4
2031,2031,love,2
2032,2032,TheAntiprude00,1
2033,2033,genuinely,2
2034,2034,fear,5
2035,2035,allegations,2
2036,2036,SA,2
2037,2037,trust,2
2038,2038,theyre,2
2039,2039,ulterior,2
2040,2040,moti,1
2041,2041,heliophilicous,1
2042,2042,Patriarchy,1
2043,2043,makes,1
2044,2044,stronger,1
2045,2045,turns,1
2046,2046,burden,1
2048,2048,motives,1
2049,2049,so,1
2051,2051,life,1
2052,2052,manhater,1
2054,2054,money,1
2055,2055,it,1
2056,2056,MRA,1
2057,2057,BeeWilde2,1
2058,2058,HelloCanada,2
2059,2059,Feminists,2
2061,2061,Ala,2
2062,2062,PrinceHarry,2
2063,2063,MeghanMarkle,2
2064,2064,NO,3
2065,2065,THANK,2
2066,2066,YOU,2
2067,2067,Feminism,2
2068,2068,Fraud,2
2069,2069,MeghanMa,1
2070,2070,megwalker85,1
2071,2071,billybragg,1
2072,2072,dinosaur,1
2074,2074,NoToSelfID,1
2075,2075,MashMyk,1
2076,2076,Danger,2
2077,2077,Society,2
2078,2078,peoplerevolting,1
2079,2079,School,1
2080,2080,Needlework,1
2081,2081,Disobedient,1
2083,2083,PeopleAreRevolting,1
2084,2084,Needlewoork,1
2085,2085,Disobedi,1
2086,2086,Do,1
2087,2087,Weak,1
2088,2088,For,2
2089,2089,Single,1
2090,2090,Modern,1
2091,2091,TikToks,1
2092,2092,tiktok,1
2093,2093,life,1
2094,2094,Saturday,1
2095,2095,MONEY,1
2096,2096,Watch,1
2099,2099,MEERA818181,1
2100,2100,husband,2
2101,2101,40,1
2102,2102,minutes,2
2103,2103,allow,1
2104,2104,alm,1
2106,2106,cum,1
2107,2107,floor,1
2108,2108,my,1
2109,2109,faces,1
2110,2110,thats,1
2111,2111,wrong,1
2112,2112,day,2
2113,2113,JohnnyDeppRisesVMA,1
2114,2114,JohnnyDepp,1
2115,2115,VMA,1
2116,2116,JohnnyDeppRises,1
2117,2117,JohnnyDeppDeservesAnApology,1
2119,2119,black,2
2122,2122,sit,1
2123,2123,houses,1
2124,2124,enjoying,1
2125,2125,family,1
2126,2126,hanging,1
2127,2127,friends,1
2128,2128,cool,1
2129,2129,steam,1
2130,2130,exhausting,1
2131,2131,week,1
2132,2132,Id,1
2133,2133,shine,1
2134,2134,light,1
2135,2135,activism,1
2137,2137,LOVE,1
2138,2138,Patriarchy,1
2141,2141,stima,1
2142,2142,Say,1
2143,2143,less,1
2144,2144,freeballin,1
2145,2145,thegirdlengr,1
2146,2146,receiving,1
2147,2147,threats,1
2148,2148,gang,1
2149,2149,track,1
2150,2150,whenever,1
2151,2151,return,1
2152,2152,deal,1
2153,2153,me,1
2154,2154,w,1
2155,2155,happy,1
2156,2156,Thought,1
2157,2157,Money,1
2158,2158,God,1
2159,2159,Blessed,1
2160,2160,Action,1
2161,2161,Confidence,1
2162,2162,Womenshealth,1
2163,2163,Joy,1
2164,2164,Fitness,1
2165,2165,Dailyquotes,1
2166,2166,Bekind,1
2167,2167,Spirituality,1
2168,2168,MeghanMarkleIsALiar,1
2169,2169,Megxit,1
2170,2170,PrinceHarryIsATraitor,1
2173,2173,Facilitated,1
2174,2174,olderwomenrock,1
2175,2175,campaign,1
2176,2176,artactivism,1
2177,2177,using,1
2178,2178,textile,1
2179,2179,art,1
2180,2180,poetry,1
2181,2181,film,1
2182,2182,conversa,1
2183,2183,Introducing,1
2184,2184,first,1
2185,2185,dictionary,1
2186,2186,definition,1
2187,2187,Crenshaw,1
2188,2188,Intersectionality,1
2189,2189,white,1
2190,2190,feminism,1
2192,2192,huge,1
2193,2193,Grabbing,1
2194,2194,Back,1
2195,2195,member,1
2196,2196,Graciela,1
2197,2197,contributing,1
2198,2198,important,1
2199,2199,entry,1
2200,2200,online,1
2201,2201,dictionary,1
2204,2204,sanjaylverma,1
2205,2205,Raising,1
2206,2206,Pr0stitutes,1
2207,2207,status,2
2208,2208,Goddesses,1
2209,2209,Mistake,1
2211,2211,FeminismIsCancer,4
2213,2213,Millennial,1
2214,2214,cartoonists,1
2215,2215,take,1
2216,2216,JewishWedding,1
2217,2217,season,1
2218,2218,lchaim,1
2219,2219,comicstrip,1
2220,2220,JewishHumor,1
2221,2221,cartoon,1
2223,2223,Breaks,1
2224,2224,heart,1
2225,2225,learn,1
2226,2226,murdered,1
2227,2227,rped,1
2228,2228,abducted,1
2229,2229,bodies,1
2230,2230,THEM,1
2231,2231,must,2
2232,2232,safety,1
2233,2233,autonomy,1
2234,2234,FREEDOM,1
2235,2235,fear,1
2237,2237,Together,1
2238,2238,UNSTOPPABLE,1
2240,2240,ladyofequality,1
2241,2241,TheAmitLakhani,1
2242,2242,ArnazHathiram,1
2243,2243,DeepikaBhardwaj,1
2244,2244,ManishAFT,1
2245,2245,Shivamsbisht,1
2246,2246,Zarafatkhan7,1
2247,2247,AdvocateIndal,1
2248,2248,mahigupta96,1
2249,2249,AnubhavMohanty,1
2250,2250,grahakjago,1
2251,2251,GobindaParida12,1
2252,2252,GSBorikar,1
2253,2253,pankaj223891,1
2254,2254,KhatriB73084489,1
2255,2255,sheomangalkumar,1
2256,2256,Sarmad07185646,1
2257,2257,Look,1
2258,2258,this,1
2259,2259,another,1
2261,2261,WRNWales,1
2262,2262,support,1
2263,2263,organise,1
2264,2264,sisters,1
2265,2265,sisterhood,3
2266,2266,solidarity,1
2267,2267,soradhikal,1
2268,2268,PhD,1
2269,2269,OMG,1
2270,2270,proves,1
2272,2272,thetalentguru,2
2273,2273,sussex,2
2274,2274,squad,2
2275,2275,VoetsekBritishMedia,2
2276,2276,ArchetypesWithMeghan,2
2277,2277,MariahCarey,2
2278,2278,SerenaWilliams,2
2279,2279,esp,1
2280,2280,woc,1
2281,2281,Theyre,1
2282,2282,Meghan,1
2283,2283,Markle,1
2284,2284,podcast,1
2285,2285,No1,1
2286,2286,TEN,1
2287,2287,countries,1
2288,2288,leading,1
2289,2289,charge,1
2290,2290,talking,1
2291,2291,uncomfortable,1
2292,2292,truths,1
2294,2294,Love,1
2295,2295,She,1
2296,2296,MeghanMarkle,1
2297,2297,black,1
2298,2298,talent,1
2299,2299,overcoming,1
2300,2300,succeeding,1
2301,2301,apologizing,1
2302,2302,respecting,1
2304,2304,along,1
2305,2305,way,1
2307,2307,WBDOL,1
2308,2308,Women,2
2309,2309,overrepresented,2
2310,2310,lower,2
2311,2311,paying,2
2312,2312,jobs,2
2313,2313,and,2
2314,2314,age,2
2315,2315,gap,2
2316,2316,widens,2
2317,2317,more,2
2318,2318,uscensusbure,1
2319,2319,nonviolentfem,1
2320,2320,favorite,1
2321,2321,signs,1
2322,2322,counter,1
2323,2323,protest,1
2324,2324,Rochester,1
2325,2325,DSA,1
2326,2326,demonstration,1
2327,2327,AGAINST,1
2328,2328,Crisis,1
2329,2329,Cen,1
2334,2334,LUCY,6
2335,2335,MASOUD,6
2336,2336,HillaKerner,6
2337,2337,RosieDuffield1,6
2338,2338,Martina,6
2339,2339,online,6
2340,2340,pigtails,1
2341,2341,idowhatiwant,1
2342,2342,fireisland,1
2343,2343,snottygirls,1
2344,2344,beachvacation,1
2346,2346,Fair,1
2347,2347,Harbor,1
2348,2348,Beach,1
2350,2350,Biopowers,2
2351,2351,Scapegoating,2
2352,2352,Body,2
2353,2353,theologianmom,2
2354,2354,Foucault,2
2355,2355,Theology,2
2356,2356,Philosophy,2
2357,2357,Biopower,2
2358,2358,Biopolitics,2
2359,2359,seigeof,1
2361,2361,THOUGHTS,1
2362,2362,parentalalienation,1
2363,2363,backlash,1
2364,2364,Catholic,2
2365,2365,CatholicTwitter,2
2366,2366,Prolife,1
2368,2368,Dead,1
2369,2369,Meat,1
2370,2370,dude,1
2371,2371,JamesAJanisse,1
2372,2372,one,1
2373,2373,His,1
2374,2374,theater,1
2375,2375,girl,1
2376,2376,arthoe,1
2377,2377,COMPLETELY,1
2378,2378,rode,1
2379,2379,coattails,1
2380,2380,slowly,1
2381,2381,credit,1
2382,2382,entire,1
2383,2383,success,1
2384,2384,Kill,1
2385,2385,Count,1
2386,2386,brand,1
2387,2387,Dude,1
2388,2388,spine,1
2389,2389,earn,1
2390,2390,herself,1
2391,2391,Labour,1
2392,2392,value,1
2393,2393,based,1
2394,2394,incomplete,1
2395,2395,understanding,1
2396,2396,Smith,1
2397,2397,Ricardo,1
2398,2398,Marxs,1
2399,2399,theories,1
2400,2400,value,1
2401,2401,Marx,1
2402,2402,Capitalism,1
2404,2404,hymen,3
2405,2405,diamond,3
2406,2406,NEVER,3
2407,2407,marry,3
2408,2408,PROMISCUOUS,1
2409,2409,WOMAN,3
2410,2410,ElliottHulse,3
2411,2411,marriage,3
2413,2413,More,1
2414,2414,todays,1
2415,2415,featured,1
2416,2416,author,1
2417,2417,theologianmom,1
2418,2418,theology,1
2419,2419,philosophy,1
2420,2420,religion,1
2421,2421,gender,1
2423,2423,LOOSE,2
2425,2425,Maturity,1
2426,2426,achieved,1
2427,2427,person,1
2428,2428,accepts,1
2429,2429,full,1
2430,2430,tension,1
2431,2431,torment,1
2433,2433,childish,1
2434,2434,guilt,1
2435,2435,feelings,1
2436,2436,avoids,1
2437,2437,tragic,1
2438,2438,adult,1
2439,2439,sins,1
2440,2440,postpones,1
2441,2441,immediate,1
2442,2442,pleasures,1
2443,2443,sake,1
2444,2444,longterm,1
2445,2445,values,1
2446,2446,JL,1
2448,2448,AmbarSIFFMRA,1
2449,2449,WIFE,1
2450,2450,Worry,1
2451,2451,Invited,1
2452,2452,Ever,1
2453,2453,2022,1
2454,2454,artbiennale,1
2455,2455,trend,1
2456,2456,design,1
2457,2457,lovers,1
2458,2458,biennale,1
2459,2459,vernice,1
2460,2460,tribalism,1
2461,2461,ecoism,1
2462,2462,nature,1
2463,2463,design,1
2464,2464,arsenalevenezia,1
2465,2465,future,1
2466,2466,trends,1
2468,2468,Totality,1
2469,2469,two,1
2471,2471,TeehFavour,1
2472,2472,andrewschulz,1
2473,2473,this,1
2474,2474,Mans,1
2475,2475,quickly,1
2476,2476,becoming,1
2477,2477,legend,1
2479,2479,Andrewschulz,1
2480,2480,comedy,1
2482,2482,uscensusbureau,1
2483,2483,findings,1
2484,2484,age,1
2485,2485,dynamic,1
2486,2486,workers,1
2487,2487,ages,1
2488,2488,3544,1
2490,2490,EqualPay,1
2491,2491,WageGap,1
2492,2492,RetirementPlanning,1
2493,2493,TitaniaMcGrath,1
2494,2494,Joan,2
2495,2495,Arc,2
2496,2496,strong,1
2497,2497,courageous,1
2498,2498,independent,1
2499,2499,nonbinary,1
2500,2500,trans,1
2501,2501,would,1
2506,2506,SUNDAY,1
2507,2507,THREE,1
2508,2508,films,1
2509,2509,bars,1
2510,2510,open,1
2514,2514,JIMINI,1
2515,2515,HIGNETT,1
2516,2516,HELEN,1
2517,2517,FENTON,1
2518,2518,promise,1
2519,2519,turn,1
2520,2520,tango,1
2521,2521,d,1
2526,2526,Sisters,2
2527,2527,VanRapeRelief,2
2528,2528,Consciousness,2
2529,2529,raising,2
2530,2530,vs,2
2531,2531,individ,1
2532,2532,aaronclarey,4
2533,2533,best,4
2534,2534,summation,4
2535,2535,Ive,4
2536,2536,seen,4
2537,2537,Literally,4
2538,2538,Practice,1
2539,2539,English,1
2540,2540,safe,1
2541,2541,encouraging,1
2542,2542,environment,1
2543,2543,ViolenceAgainstWomen,1
2544,2544,immigrationsservices,1
2545,2545,domesticviolence,1
2546,2546,YouAreNotAlone,1
2547,2547,UnsafeatHomeOttawa,1
2548,2548,WeAreHereForYou,1
2549,2549,ottnews,1
2550,2550,ottcity,1
2553,2553,WhoredomCulture,1
2555,2555,Satire,1
2556,2556,Video,1
2557,2557,Points,1
2558,2558,made,1
2560,2560,lowkey,1
2561,2561,BUT,1
2562,2562,straight,1
2563,2563,scam,1
2565,2565,antithatgirl,1
2566,2566,cracked,1
2567,2567,code,1
2568,2568,conversations,1
2569,2569,STI,1
2570,2570,screening,1
2571,2571,casual,1
2572,2572,ordering,1
2573,2573,coffee,1
2574,2574,Talk,1
2575,2575,health,1
2576,2576,partners,1
2577,2577,routine,1
2578,2578,testing,1
2579,2579,peasy,1
2581,2581,lovability,1
2582,2582,babewiththepower,1
2584,2584,individual,1
2585,2585,activism,1
2586,2586,race,1
2587,2587,direct,1
2588,2588,action,1
2589,2589,alliances,1
2590,2590,TICKETS,1
2593,2593,Welcome,1
2594,2594,FabulousFriday,1
2596,2596,celebrate,1
2597,2597,bold,1
2598,2598,queer,1
2599,2599,characters,1
2600,2600,otherwise,1
2601,2601,Fabulous,1
2602,2602,Folks,1
2603,2603,pages,1
2604,2604,19th,1
2605,2605,century,1
2606,2606,popular,1
2607,2607,press,1
2608,2608,NIUDL,1
2609,2609,dimenovels,1
2610,2610,LGBTQ,1
2611,2611,LGBT,1
2612,2612,queerhistory,1
2615,2615,randysharpswife,1
2616,2616,foolishness,2
2617,2617,boisterous,2
2618,2618,simplicity,2
2619,2619,anything,2
2620,2620,Proverbs,2
2621,2621,913,2
2622,2622,DelilahBon,1
2623,2623,blowing,1
2624,2624,tiktokus,1
2626,2626,300k,1
2627,2627,views,1
2628,2628,rising,1
2629,2629,Whos,1
2630,2630,ready,1
2631,2631,scream,1
2632,2632,tour,1
2633,2633,inde,1
2634,2634,Jeez,1
2636,2636,toxicfemininity,1
2637,2637,toxicfeminism,1
2638,2638,toxicwomen,1
