,Word,Count
0,#JoeBiden,1
1,canâ€™t,3
2,keep,3
3,his,9
4,hands,1
5,to,120
6,himself!,1
7,#Women,3
8,#MeToo,2
9,#Feminism,161
10,#feminists,1
11,#Coeds,1
12,#college,1
13,@HeyTammyBruce,1
14,@brikeilarcnn,1
15,@KirstenPowers,1
16,@welliver_titus,1
17,@SusanPage,1
18,@JuliePace,1
19,#MSNBC,1
20,https://t.co/DqfbKwjxEx,1
21,"""The",1
22,world,6
23,of,127
24,humanity,2
25,consists,1
26,2,4
27,parts...,1
28,1,4
29,is,95
30,woman;,1
31,the,241
32,other,3
33,man.Until,1
34,these,6
35,...,13
36,are,29
37,=,2
38,in,76
39,"strength,the",1
40,oneness,1
41,cannot,1
42,be,22
43,"established,&amp;",1
44,happiness&amp;felicity,1
45,mankind,1
46,will,7
47,not,27
48,a,98
49,reality.God,1
50,"willing,this",1
51,so.,1
52,â€˜Abduâ€™l-BahÃ¡,1
53,#equality,2
54,#feminism,77
55,https://t.co/OkEe5fFViV,1
56,RT,253
57,@RadfemVegan:,3
58,It,8
59,serious,2
60,question,4
61,as,29
62,how,8
63,sexual,5
64,harassment,3
65,laws,2
66,can,7
67,possibly,3
68,enforced,2
69,context,2
70,which,4
71,sex,5
72,commerciâ€¦,1
73,Full,3
74,decriminalisation,3
75,prostitution,4
76,removes,2
77,only,12
78,one,14
79,social,3
80,stigma,2
81,-,21
82,for,132
83,"buyers,",2
84,addition,2
85,making,68
86,access,2
87,woâ€¦,2
88,The,38
89,"violence,",2
90,potential,2
91,"assault,",2
92,"rape,",2
93,and,150
94,even,6
95,deathâ€“endemic,2
96,exceeds,2
97,level,3
98,danger,2
99,accompanâ€¦,1
100,@fightitjohn:,1
101,Need,3
102,nanami,2
103,an,10
104,outfit,2
105,thatâ€™s,2
106,80%,2
107,tape,2
108,sexualizes,2
109,him,3
110,no,8
111,reason,2
112,@bxns_faiyen:,1
113,Making,1
114,fun,2
115,size,1
116,manâ€™s,1
117,penis,1
118,body,7
119,shaming,1
120,well,4
121,ladies,1
122,#bodypositivity,3
123,#masculinity,6
124,#EqualRights,1
125,@andrewdkaufman:,8
126,personal,8
127,diary,8
128,Dostoyevskyâ€™s,8
129,wife,13
130,(about,8
131,whom,8
132,I,54
133,wrote,8
134,recent,8
135,biography),8
136,was,13
137,closest,8
138,came,9
139,insight,8
140,intoâ€¦,8
141,@OrgThis:,3
142,Where,4
143,Are,3
144,#WomensRights,14
145,Workforce?,3
146,https://t.co/1ouAA1mWFb,3
147,#business,3
148,#leadership,3
149,#Equality,4
150,Being,1
151,calm,1
152,my,30
153,priority,1
154,now.,1
155,#Affirmation,3
156,#Affirmations,3
157,#Business,1
158,#Ptsd,1
159,#Wednesdaythought,1
160,#Wordstoliveby,1
161,#Anxiety,1
162,#Quoteoftheday,1
163,#Energyhealer,1
164,#Crystalhealer,1
165,#Work,1
166,#Hope,1
167,#Belove,1
168,#Selfcaresunday,1
169,#Dreamhunter,1
170,#Monday,1
171,#Calming,1
172,@KDansky:,16
173,Never,3
174,been,5
175,more,16
176,proud,4
177,life.,4
178,This,18
179,Artifacts,3
180,gallery,3
181,hometown,3
182,"Athens,",3
183,OH.,3
184,spent,4
185,much,5
186,childhood,3
187,shoppinâ€¦,3
188,Having,1
189,"fun,",1
190,giving,1
191,shit,2
192,Canadian,1
193,MGTOW,2
194,motto.,1
195,Available,20
196,on,41
197,#stickers,18
198,#tshirts,18
199,#mugs,18
200,#masks,18
201,#magnets,18
202,90+,18
203,over,21
204,items.,18
205,#MGTOW,15
206,#giftideas,11
207,https://t.co/fH58chTkei,1
208,@grandmasproject:,1
209,"filmmaker,",1
210,"grandma,",1
211,recipeâ€¦,1
212,#GrandmasProject,1
213,season,1
214,coming,1
215,this,35
216,Fall,1
217,with,88
218,7,1
219,new,3
220,episodes!,1
221,#webseries,1
222,#fooâ€¦,1
223,Playing,1
224,prejudices,1
225,against,2
226,prejudiced.,1
227,Way,1
228,go,1
229,"""girls"".",1
230,#FreedomConvoy,1
231,#CouttsBorder,1
232,#RCMP,1
233,https://t.co/obKVDIWz4r,1
234,âœ¨ï¸This,1
235,still,1
236,thing!!,1
237,Enter,1
238,NOTJUST,1
239,at,21
240,checkout,1
241,20%,1
242,off,3
243,everything,10
244,at...ğŸ‘‡ğŸ¾,1
245,https://t.co/SpgCrzPDMC,1
246,âœ¨ï¸,1
247,#WednesdayMotivation,1
248,#firstdayofschool,1
249,#gay,1
250,#HumpDay,1
251,#quote,1
252,#solidarity,2
253,#qwoc,1
254,#qtbipoc,1
255,https://t.co/4PICHINjUg,1
256,Am,3
257,i,3
258,that,18
259,thinks,1
260,feminists,4
261,bitches,1
262,?,2
263,Like,1
264,they,12
265,want,3
266,treated,1
267,like,11
268,men,13
269,without,2
270,downsides,1
271,yeah,1
272,we,11
273,equals,1
274,but,9
275,woman,17
276,man,5
277,woman.,2
278,#feminisme,2
279,#feminist,16
280,#feministe,1
281,#boys,1
282,#tate,1
283,#facts,1
284,#toxicity,1
285,@Radical_mayo:,1
286,MRA's,1
287,actually,2
288,so,5
289,annoying,1
290,what,5
291,you,31
292,fighting,3
293,for?,1
294,rights,1
295,already,1
296,have?,1
297,@BhargavaPriyash:,2
298,Mother,2
299,",",4
300,Discovered,2
301,Poland,2
302,Now,3
303,adopted,2
304,different,4
305,ways,3
306,blood,2
307,sucking,2
308,#FeministAreVampireâ€¦,2
309,@WomensRightsNet:,2
310,year,3
311,@FiLiA_charity,3
312,Saturday,2
313,evening,3
314,women,22
315,Wales,2
316,rally,2
317,topic,3
318,male,8
319,violence,2
320,aâ€¦,3
321,@MenCommission:,1
322,@barandbench,2
323,@DebayonRoy,2
324,"Yes,",2
325,limited,2
326,choice,3
327,"wear,",2
328,demand,2
329,Undress,2
330,fundamental,2
331,rights.,2
332,And,6
333,Check,3
334,out,8
335,Richard,1
336,Wilson's,1
337,video!,1
338,#TikTok,1
339,https://t.co/qmdinPn2Zq,1
340,@WomenReadWomen:,3
341,"""Female",3
342,"real,",4
343,it's,7
344,sex.,5
345,Femininity,3
346,"unreal,",3
347,gender.,3
348,become,3
349,given,4
350,identity,3
351,womeâ€¦,3
352,@FriendExx:,2
353,#WomenWontWeesht,15
354,WOMEN,6
355,"class,",3
356,gender,2
357,class.,2
358,Women's,2
359,"sports,",2
360,"spaces,",2
361,medicine,2
362,activism,2
363,female,3
364,specifiâ€¦,2
365,accompanying,1
366,those,1
367,most,2
368,dangerous,2
369,forms,1
370,work.,4
371,would,15
372,always,2
373,fail,1
374,prostitution.,1
375,#sexwork,3
376,#prostitution,3
377,Dating,1
378,like...crap.,1
379,#mgtow,20
380,#funny,6
381,https://t.co/B0usvzBcGF,1
382,Future,4
383,Is,11
384,Female...,4
385,Sex,4
386,Robots,4
387,[black,3
388,text].,4
389,https://t.co/w8jB8vIbjb,2
390,easier,1
391,less,3
392,him.,5
393,@BerghahnFilm:,1
394,MAD,2
395,MÃ„DCHEN:,2
396,Feminism,5
397,Generational,2
398,Conflict,2
399,Recent,2
400,German,3
401,Literature,5
402,Film,2
403,by,22
404,Margaret,2
405,McCarthy.,2
406,pâ€¦,1
407,Justice,1
408,Chandrachuda,1
409,said,2
410,"""Indian",1
411,Constitution,1
412,"feminist""",1
413,X,3
414,Y,1
415,Hence,1
416,Proved.,1
417,https://t.co/LeVLN2D6UQ,1
418,https://t.co/Mn1H9WMQkq,1
419,paperback,1
420,$29.95/Â£23.95!,1
421,Learn,1
422,more:,2
423,https://t.co/9x5cJa3XB7,1
424,#FilmTwitter,1
425,#popculture,1
426,https://t.co/qMqePV2Rx3,1
427,Bihar,1
428,Museum's,1
429,exhibition,1
430,'Women,1
431,"Deities,'",1
432,feminist,5
433,intervention,1
434,seeing,1
435,Hinduism,1
436,time,2
437,when,4
438,#India,1
439,sinking,1
440,revanchism.,1
441,âœğŸ»:,1
442,@chinkis,1
443,Read,4
444,https://t.co/ai5wCQWq7N,1
445,#Bihar,1
446,https://t.co/kdppkq6YGk,1
447,@vicscheyer:,1
448,Currently,1
449,foreign,1
450,politics,1
451,discussion,1
452,about,14
453,integrate,1
454,all,11
455,standardising,1
456,ideas,1
457,coâ€¦,1
458,submissive,1
459,losers,1
460,crazy,3
461,people!,1
462,Get,2
463,away,2
464,from,15
465,major,1
466,cities,1
467,try,1
468,turning,1
469,news.,1
470,https://t.co/x1a2OT5eg9,1
471,@pervert_desire:,2
472,Donâ€™t,2
473,let,1
474,cunts,1
475,get,5
476,mouthy,1
477,#nsfwtwt,2
478,#sizediffrence,2
479,#bdsm,4
480,#misogyny,3
481,#Misogynist,2
482,#Daddyissue,2
483,#rapekink,2
484,#breeding,2
485,#câ€¦,1
486,lmao,1
487,why,4
488,handsome,1
489,dudes,1
490,going,3
491,Olivia,1
492,Wilde.,1
493,She,1
494,flat-chested,1
495,"hag,",1
496,nothing,1
497,write,1
498,home,2
499,"all,",1
500,AND,1
501,got,1
502,knocked,1
503,up,7
504,some,3
505,SNL,1
506,hack.,1
507,Mind-boggling.,1
508,lesson,2
509,effect!,1
510,@jaclynbiskup:,2
511,**Just,2
512,spots,2
513,left**,2
514,DIFFICULT,4
515,Scene,4
516,Study,5
517,Tenets.,2
518,A,28
519,very,2
520,acting,2
521,class!,2
522,Wed,2
523,7:00,4
524,PM,9
525,10:00,4
526,ET,4
527,Sept,4
528,1â€¦,1
529,@_Aloominati_:,1
530,real,2
531,test,1
532,being,5
533,pro-justice,1
534,same,4
535,group,3
536,yourself,1
537,belong,2
538,"to,",1
539,thoseâ€¦,1
540,@ChurchLifeND:,7
541,What,8
542,Woman?:,6
543,Half-Answered,6
544,Question,6
545,--@FavaleAbs,6
546,@McGrathND,6
547,@MattWalshBlog,6
548,@realDailyWire,6
549,#WhatIsAWoman,6
550,#Gendâ€¦,6
551,14,3
552,Oct,3
553,5,5
554,Meets,2
555,In,5
556,Person,2
557,"Tank,",2
558,312,2
559,West,2
560,36th,2
561,"Street,",2
562,6th,2
563,Floor,2
564,Fee,1
565,$95,2
566,â€¢,13
567,Auditors,2
568,$40,2
569,bio,3
570,info,3
571,#acting,2
572,#scenestudy,2
573,#theatre,2
574,https://t.co/V6hMm8aGib,1
575,'I''m,2
576,single...'.,2
577,https://t.co/fqkaqPBMhT,1
578,How,4
579,it,15
580,started.,1
581,itâ€™s,2
582,going.,1
583,#feminismiscancer,2
584,#rockefeller,1
585,#indocrination,1
586,#school,1
587,#schools,1
588,#family,1
589,#birthcontrol,1
590,#equity,1
591,https://t.co/ViR0FcoBYq,1
592,commercial,1
593,exchange.,1
594,ğŸ§µ,3
595,@RHRMLBlog:,1
596,New,2
597,post,2
598,alert!,5
599,Let's,2
600,talk,5
601,medieval,2
602,feminism,10
603,Good,2
604,Wife,7
605,Bath,2
606,Karen,2
607,Brooks.,2
608,#ReadingHasRuinedMyLife,2
609,#BookBlog,2
610,#â€¦,4
611,#BookReview,1
612,#NewPost,1
613,#HistoricalFiction,1
614,#booktwt,1
615,https://t.co/65TbuHsCzG,1
616,met,1
617,many,3
618,warm,1
619,care,7
620,people,3
621,protectors,1
622,too,2
623,if,10
624,clearly,2
625,solution,1
626,#HumanRights,1
627,#WomanRights,1
628,after,3
629,party,1
630,maybe,1
631,good,3
632,idea,2
633,could,2
634,'remote,1
635,karaoke,2
636,party',1
637,sing,1
638,until,1
639,"morning,",1
640,"someday,",1
641,then,2
642,end,1
643,eat,2
644,ramen,1
645,noodle,1
646,just,21
647,put,14
648,Pronouns,13
649,bio.,14
650,#TERFs,13
651,#TeamTERF,13
652,#YoungGCWomenUnite,15
653,#LetWomenSpeak,13
654,#SaveWomenâ€¦,13
655,Bitcoin.,5
656,Changing,5
657,Wealth.,5
658,(white,4
659,text).,6
660,https://t.co/hXqf3p87Xn,1
661,@RadFemskisumu:,5
662,Behind,6
663,every,8
664,organization,6
665,there,10
666,team,14
667,working,6
668,ensure,6
669,runs,6
670,smoothly,6
671,"us,",6
672,our,27
673,made,8
674,uâ€¦,6
675,@DrEinavRFox:,1
676,Please,2
677,Join,2
678,me,12
679,September,2
680,15th,2
681,6pm,2
682,"fashion,",2
683,"politics,",2
684,between.,2
685,Online,2
686,@NYHistory,2
687,@AbuTaymiyyahMJ:,65
688,50/50,66
689,Rights,65
690,Husband,65
691,&amp;,75
692,Men,70
693,their,67
694,wives,65
695,pay,68
696,bill!,65
697,#woman,67
698,#Men,65
699,https://t.co/ICYzsw1J4x,65
700,@Caelleigh1,1
701,@miacat47,1
702,@LeftismForU,1
703,"""Self",1
704,Made,1
705,"Man""",1
706,written,3
707,Feminist,10
708,Lesbian,1
709,who,8
710,lived,1
711,dated,1
712,man:,1
713,she,11
714,100%,1
715,rips,1
716,shreds.,1
717,"Fact,",1
718,says,1
719,has,11
720,ever,2
721,anything,2
722,do,6
723,"judgemental,",1
724,"hateful,",1
725,bitter,1
726,0,1
727,accountability,1
728,women.,5
729,â€œPersistence,1
730,patience,1
731,prayer,1
732,pays,1
733,"profits,",1
734,prosperity,1
735,peace,3
736,mind.â€,1
737,Voltaire,1
738,https://t.co/91PLvlH5Ph.,1
739,true,1
740,measure,1
741,equality,1
742,UK,1
743,government,2
744,#UK,1
745,@FrenchEmbassyUg:,5
746,#CreativeFeministAdvocacyUg,6
747,3-day,6
748,workshop,6
749,"""Intergenerational",6
750,Creative,6
751,Ugandan,6
752,Movemeâ€¦,5
753,@AGroomsmen:,2
754,tell,4
755,time.,3
756,advise,3
757,way.,3
758,#itsthatbad,3
759,#greenpill,3
760,#rejection,3
761,"Movement""",1
762,coalition,1
763,leaders,1
764,opened,1
765,today,2
766,Kampala,1
767,emphasis,1
768,#womenrights,1
769,#African,1
770,principles.,1
771,@tinabutegwa,1
772,@movewiththeflo,1
773,https://t.co/hqLP9XFUz5,1
774,@preejusdiary:,3
775,Dear,3
776,"Men,",4
777,don't,7
778,"yourselves,",3
779,least,3
780,your,13
781,parents.,3
782,Don't,3
783,married.,3
784,#MarriageStrike,3
785,#MGâ€¦,3
786,@FiLiA_charity:,22
787,#ğ—™ğ—¶ğ—Ÿğ—¶ğ—”ğŸ®ğŸ¬ğŸ®ğŸ®,23
788,ğ—£ğ—¢ğ—Ÿğ—œğ—–ğ—˜,1
789,ğ—£ğ—˜ğ—¥ğ—£ğ—˜ğ—¥ğ—”ğ—§ğ—˜ğ——,1
790,ğ—”ğ—•ğ—¨ğ—¦ğ—˜,1
791,With,9
792,"FREYA,",1
793,@Hwistrich,1
794,@helensteel12,1
795,SARAH,1
796,@sukhdev_reel,1
797,have,20
798,trustâ€¦,1
799,@aptli_UW:,2
800,Webinar,3
801,"""Turkish",3
802,Translation:,3
803,Amy,3
804,Marie,3
805,Spangler,3
806,Discusses,3
807,"""A",3
808,Strange,3
809,"Woman""",3
810,Leyla,3
811,"Erbil.""",3
812,"Thurs.,",3
813,Seâ€¦,2
814,[white,1
815,https://t.co/p7C7e0gAoz,1
816,ğ—¡ğ—˜ğ—›ğ—”ğ—¡ğ——ğ—”,2
817,@NehandaMusic,2
818,Hear,3
819,her,9
820,brand,2
821,"song,",2
822,"FiLiA2022,",2
823,enjoy,2
824,listening,2
825,'I,2
826,Womâ€¦,2
827,Hillary,1
828,Clinton,1
829,Logo,1
830,Revised.,1
831,https://t.co/mi0m6lxowU,1
832,Nothing,1
833,changed,1
834,#humour,1
835,#humournoir,1
836,#mensrights,2
837,#sex,1
838,https://t.co/2oZRyYllya,1
839,@PaperCrownRw:,3
840,Want,12
841,know,8
842,secret?,3
843,You're,3
844,probably,4
845,feminist.,3
846,Follow,4
847,us,9
848,month,3
849,deconstruct,3
850,myths,3
851,around,5
852,proviâ€¦,3
853,#DressedforFreedom,1
854,#FashionHistory,1
855,#genderhistory,1
856,@womnknowhistory,1
857,@IllinoisPress,1
858,https://t.co/yaOvA9srwB,1
859,@Men_ofValue:,1
860,#CyrusMistry,1
861,An,1
862,impatient,1
863,experience,4
864,Dr.,1
865,took,2
866,life,3
867,VIP,1
868,person.,1
869,No,9
870,news,1
871,channel,1
872,saying,2
873,"this,",1
874,Biased,1
875,Medâ€¦,1
876,@atheistathenian:,1
877,Yikes!,1
878,Radical,1
879,feminism?!?!,1
880,#ohmy,1
881,#radicalfeminism,1
882,#AdultHumanFemale,1
883,#GenderCritical,1
884,#gendercult,1
885,#Fâ€¦,3
886,@KaceyKells:,8
887,(His)Story,8
888,Women,6
889,â­â­â­â­â­,1
890,ğŸ†•,7
891,https://t.co/KFbDfLcUPA,1
892,#heforshe,1
893,#womenempowerment,2
894,https://t.coâ€¦,1
895,Makes,1
896,u,3
897,think,2
898,@NiftySpooks,1
899,#NiftySpooks,1
900,#NFT,1
901,#NFTArt,1
902,#NFTs,1
903,#NFTCollection,1
904,#Privacy,1
905,#Web3,1
906,#NFTProject,1
907,#NFTCommunity,1
908,#men,1
909,#women,5
910,https://t.co/3D2sTYL9aM,1
911,You,2
912,Got,1
913,Feeling?,1
914,#saraahmed,1
915,#socialjustice,2
916,#intersectionalfeminism,4
917,#lgbt,1
918,#wgss,1
919,#genderstudies,1
920,#affect,1
921,#graphics,2
922,#graphicdesign,2
923,#collageart,1
924,#art,3
925,#feministart,2
926,#queerart,1
927,https://t.co/GT5qFTB9dx,1
928,Excuse,3
929,I'm,3
930,MANSPLAINING,3
931,here!,3
932,#Chad,4
933,#alphamale,1
934,#ToxicMasculinity,3
935,https://t.co/ekZxVlUvk6,1
936,#gigachad,1
937,#alpha,1
938,#mansplain,1
939,https://t.co/5h0765omkg,1
940,@theLFshow:,1
941,Marine,2
942,mammals,1
943,guides,1
944,@alexispauline,1
945,Gumbs',1
946,"""Undrowned:",1
947,Black,1
948,Lessons,1
949,"Mammals.""",1
950,theâ€¦,1
951,Watch,1
952,"trial,",1
953,"research,",1
954,leader,1
955,indicates.,1
956,orders.,1
957,#AmberHeard,1
958,#amberheardstans,1
959,#misandry,1
960,#SherlockHolmes,1
961,#the,1
962,Variety,1
963,ğŸ™‰ğŸ™ŠğŸ™ˆğŸ‘»ğŸ’©ğŸ’¨ğŸ’¨,1
964,https://t.co/2MA3EWsn7d,1
965,#mansplaining,1
966,https://t.co/nTHf36jqK1,1
967,@PriorityDomains:,1
968,#TheFemaleOfTheSpecies,1
969,Getting,1
970,work,3
971,done!,1
972,#lion,1
973,#lions,1
974,#lioness,1
975,#ThreeLions,1
976,#man,1
977,#BossLadâ€¦,1
978,Phenomenal,1
979,story,1
980,changing,1
981,#rape,1
982,#WomensRightsAreHumanRights,2
983,https://t.co/kSk5mGpJJx,1
984,Sept.,1
985,"29,",1
986,"2022,",1
987,3-4:30,1
988,Link,1
989,register:,1
990,https://t.co/qLI6nVQp54,1
991,#Turkish,1
992,#translation,1
993,#literature,1
994,@novelteesandswg:,1
995,#ShePersisted,1
996,#Resist,1
997,fist,1
998,shirt,1
999,today!,3
1000,#RoeVsWade,1
1001,#RoeVWade,1
1002,#SaveRoeVsWade,1
1003,#SaveRoeVWade,1
1004,#SaveRoeâ€¦,1
1005,amazing,1
1006,young,1
1007,dedicated,1
1008,feminists.,1
1009,#feministleadership,1
1010,"amazing,",1
1011,"queer,",1
1012,under,2
1013,30,2
1014,folks,2
1015,experts,1
1016,various,1
1017,fields.,1
1018,#feministLeadership,1
1019,https://t.co/Y8VqFetpoA,1
1020,Know,1
1021,working!,1
1022,.,3
1023,To,1
1024,join,1
1025,ikshana,1
1026,dm,1
1027,or,5
1028,directly,1
1029,fill,1
1030,form,1
1031,#ikshana,1
1032,#ikshanaindia,1
1033,#ikshanajabalpur,1
1034,#ngo,1
1035,#womensupportingwomen,1
1036,#childeducation,1
1037,#education,1
1038,#awareness,1
1039,#ngoindia,1
1040,https://t.co/TLSy0XQJKC,1
1041,@GoddessNike23:,3
1042,If,6
1043,small,4
1044,"dick,",4
1045,send,4
1046,tribute,4
1047,@CervixxxC,4
1048,thank,5
1049,Your,4
1050,never,4
1051,able,4
1052,toâ€¦,3
1053,@ArcEng9154644:,2
1054,"""In",2
1055,"1492,",2
1056,Columbus,2
1057,brought,2
1058,Labor,2
1059,Day,2
1060,America...and,2
1061,STILL,2
1062,did,2
1063,"nothing!""",2
1064,#LaborDay,2
1065,#HappyLaborDayWeekend,2
1066,#Alâ€¦,2
1067,â€œThe,1
1068,way,3
1069,find,1
1070,larger,1
1071,vision,1
1072,somewhere,1
1073,particular.â€,1
1074,-Donna,1
1075,Haraway,1
1076,#donnaharaway,1
1077,#knowledge,1
1078,#science,1
1079,#community,1
1080,https://t.co/5GHMtp94aS,1
1081,One,3
1082,oneâ€™s,4
1083,"dharma,",1
1084,duty,1
1085,arisen,1
1086,"is,",1
1087,anyone,1
1088,elseâ€™s.,1
1089,called,1
1090,*atmadharma*.,1
1091,"Free,",1
1092,"now,",1
1093,ebook,1
1094,version.,1
1095,Click,1
1096,link,2
1097,See,1
1098,$0.00,1
1099,"buy,",1
1100,click,1
1101,â€œBuy,1
1102,now,1
1103,withâ€¦â€,1
1104,Enjoy,1
1105,w,1
1106,compliments,1
1107,https://t.co/4hkhICVkNz,1
1108,#psychology,1
1109,#youth,1
1110,#Jung,1
1111,@Try2StopME:,1
1112,Gender,3
1113,Discrimination,1
1114,https://t.co/WO6NuSBkFn,1
1115,focus,1
1116,future.,1
1117,#Lawofattraction,1
1118,#Relationship,2
1119,#Art,1
1120,#Believe,1
1121,#Sunday,1
1122,#Spirit,1
1123,#Affirmationnation,1
1124,#Fridayfeeling,1
1125,#Mentalhealth,1
1126,#Selfworth,1
1127,#Inspirational,1
1128,#Trending,1
1129,#Grateful,1
1130,#Sleep,2
1131,Btw,1
1132,he,6
1133,deserves,1
1134,respect,1
1135,love,3
1136,btw,1
1137,doesn't,1
1138,deserve,2
1139,pain,1
1140,through,4
1141,#istandwithbrendanfraser,1
1142,#BrendanFraser,1
1143,#JusticeForBrendanFraser,1
1144,#metoo,2
1145,@starfallgoddess,1
1146,@thebishyouhate,1
1147,@AestheticCyn,1
1148,@exposingrich,1
1149,@ibelieveamber,1
1150,@1800EnoughLies,1
1151,https://t.co/f4Zoj318yp,1
1152,https://t.co/zfD5cMrKwX,1
1153,@npquarterly:,2
1154,Abolition,3
1155,envisionâ€”and,3
1156,creatingâ€”a,3
1157,economic,3
1158,"redistribution,",3
1159,communal,3
1160,"care,",3
1161,accounâ€¦,2
1162,#redpill,3
1163,#mgtow101,3
1164,#rationalmale,3
1165,#alphamalestrategies,3
1166,#mgtowisthefuture,3
1167,#redpilled,3
1168,#mgtowredpill,3
1169,GET,3
1170,BIGGER,3
1171,https://t.co/DSJAN3FniB,1
1172,https://t.co/liG168PcRy,1
1173,accountability:,1
1174,https://t.co/QotMmVuokY,1
1175,@C_Resistance,1
1176,#AbolitionNow,1
1177,https://t.co/DSJAN3ne4t,2
1178,https://t.co/98QeKt0wh1,1
1179,@marvelous_divas:,2
1180,Oh,3
1181,"nOoOo,",1
1182,hOpE,1
1183,dOnâ€™T,1
1184,fAll,1
1185,â€¦,1
1186,*leaps*,1
1187,latest,2
1188,"ep,",2
1189,Infinity,2
1190,Diva:,2
1191,Captain,2
1192,America,2
1193,Winter,2
1194,Soldieâ€¦,1
1195,@Princes9302:,1
1196,Cultural,1
1197,"magazine""Lilit""Abortion",1
1198,Jewish,2
1199,value,2
1200,Stephen,1
1201,Fleckt;The,1
1202,researcherandpromoterof,1
1203,America:Wâ€¦,1
1204,Everything,1
1205,copy,1
1206,â€“,1
1207,review,1
1208,Nora,1
1209,Ephron,1
1210,Collected,1
1211,https://t.co/4kxNiXsjcb,1
1212,#journalism,1
1213,#satire,1
1214,@VRooodri:,1
1215,My,1
1216,friend,1
1217,colleague,1
1218,Gaby,1
1219,Gallardo,1
1220,delighted,1
1221,guest,1
1222,lecture,1
1223,"""Feminists",1
1224,"Democracies""",1
1225,during,1
1226,course,1
1227,"""â€¦",1
1228,@TheGr8Illusion:,2
1229,We,6
1230,Resistance,2
1231,title,2
1232,single.,2
1233,Amazing,2
1234,video!!!,2
1235,@GretaThunberg,2
1236,@CoryBooker,2
1237,@thelittleidiot,2
1238,@RepAdamSchiff,2
1239,@â€¦,2
1240,@The_Vagitarian:,1
1241,So,2
1242,middle-aged,1
1243,angry,1
1244,picking,1
1245,them.,2
1246,Not,2
1247,them,6
1248,min,1
1249,finds,1
1250,linked,1
1251,one's,1
1252,own,3
1253,better,1
1254,image,1
1255,https://t.co/oe1184EQat,1
1256,@womenwritersnet,1
1257,@NastasyaParker,1
1258,"yes,",1
1259,were,1
1260,complaining,1
1261,state,1
1262,women's,1
1263,education,1
1264,everything.,1
1265,goes,1
1266,back,2
1267,long,2
1268,ğŸ‘,1
1269,@FeministWIDE:,1
1270,First,2
1271,interpret,2
1272,"women,",3
1273,security,2
1274,framework?,2
1275,#militarization,2
1276,Remember,2
1277,BIG,1
1278,event,1
1279,hosted,1
1280,@MonarchICT,1
1281,October!,1
1282,follow,2
1283,Instagram,1
1284,@/missionbluemusic,1
1285,content,1
1286,updatesğŸ¦‹,1
1287,#WomenEmpowerment,9
1288,#missionblue,1
1289,https://t.co/uBFJ6KgQX8,1
1290,@21Convention:,1
1291,Texas,1
1292,father,1
1293,FIGHTS,1
1294,save,1
1295,son,1
1296,CRAZY,1
1297,WOKE,1
1298,judge,1
1299,matriarchy,1
1300,itself...,1
1301,#savejames,1
1302,#fathers,1
1303,@MeidasTouch,1
1304,Whereâ€™s,1
1305,feminisms,1
1306,isms?,1
1307,Just,1
1308,askingâ€¦for,1
1309,Dave,1
1310,Chappelle,1
1311,@kanyewest,1
1312,#trump,1
1313,#TrumpRally,1
1314,@itslizz88:,1
1315,Autumn,1
1316,2023,1
1317,@ArtspacePhoenix,1
1318,"Brighton,",1
1319,Broken,1
1320,Grey,1
1321,Wires,1
1322,curate,1
1323,"radical,",1
1324,experimental,1
1325,essential,3
1326,"exhibition,â€¦",1
1327,@ChiragMRA:,3
1328,When,1
1329,someone,1
1330,#Metoo,1
1331,card,1
1332,comes,1
1333,out.,1
1334,Very,1
1335,similar,1
1336,Tanushree,1
1337,Dutta,1
1338,Vs,1
1339,Nana,1
1340,Patekar,1
1341,episode.,1
1342,#Oppurtunist,1
1343,Seems,2
1344,shut,1
1345,shop,1
1346,Big,1
1347,Bindi,1
1348,Brigade.,1
1349,Indian,1
1350,preaches.,1
1351,@cskkanu:,1
1352,#BoycottDarlings,1
1353,#BoycottNetflix,1
1354,#BoycottbollywoodForever,1
1355,Bollywood,1
1356,corrupted,1
1357,#simps,1
1358,https://t.co/AU44â€¦,1
1359,Found,1
1360,amusing.,1
1361,#modernwomen,1
1362,https://t.co/GMRi5qjoPz,1
1363,Has,1
1364,ambitious?,1
1365,@9Knowled9e,1
1366,https://t.co/gFONKL8rO2,1
1367,Signs,1
1368,things,4
1369,come,1
1370,ğŸ™‚,1
1371,https://t.co/PTRRpytakW,1
1372,@DuffysQuips:,1
1373,Weâ€™re,1
1374,planning,1
1375,something,1
1376,big,1
1377,#worldmenopauseday,1
1378,watch,1
1379,space!,1
1380,#shoutmenopauseout,1
1381,#makemenopausematter,1
1382,#grassrooâ€¦,1
1383,@sm123678:,1
1384,strict,1
1385,punishment,1
1386,womens.,1
1387,mother,1
1388,destroying,2
1389,son's,1
1390,career.,1
1391,child,1
1392,go?,1
1393,#MenToo,1
1394,#falsecaseâ€¦,1
1395,orgasm,1
1396,otherwise.,1
1397,Be,1
1398,thankful.,1
1399,#happywifehappylife,1
1400,#relationshipgoals,1
1401,#dating,3
1402,#datinglife,1
1403,#couples,1
1404,#Feminist,13
1405,#couplestherapy,1
1406,#sextherapist,1
1407,#findom,1
1408,https://t.co/fwIpDiGuhp,1
1409,@TAbalaji0500:,1
1410,@ShoneeKapoor,2
1411,Only,1
1412,chooses,1
1413,"woman,",3
1414,stay,1
1415,winning,2
1416,move,2
1417,play.,2
1418,https://t.co/GjIhVDHlVT,1
1419,#Fantastic,1
1420,nutshell.,1
1421,https://t.co/2wDDslD6zV,1
1422,Face,1
1423,hidden,1
1424,before,3
1425,media,1
1426,in.,1
1427,Previously,1
1428,managed,1
1429,crimes,1
1430,gracefully,1
1431,left,1
1432,reality.,1
1433,blaming,1
1434,#patriarchy,2
1435,ğŸ˜‚ğŸ˜‚,1
1436,https://t.co/hfaJLiCSSC,1
1437,investigates,1
1438,origins,1
1439,consequences,1
1440,objectification,1
1441,further,2
1442,explain,1
1443,importâ€¦,1
1444,everyoneâ€™s,1
1445,cup,1
1446,chai,1
1447,bother,1
1448,â˜•ï¸,1
1449,#Repost,1
1450,via,6
1451,@notyourwife__,1
1452,#artistsoninstagram,1
1453,#illustragram,1
1454,#feministartist,1
1455,https://t.co/9UQu7ZAmeV,1
1456,@PrincessOfBlogs:,6
1457,#princess,6
1458,#blogger,6
1459,#anime,6
1460,#review,6
1461,#animation,6
1462,#princessknight,6
1463,#progressive,6
1464,#transgender,6
1465,#fairytale,6
1466,#prince,6
1467,#pâ€¦,6
1468,you.,1
1469,https://t.co/jeUn39UCky,1
1470,stan,1
1471,âœ¨emotionally,1
1472,intelligent,1
1473,kingâœ¨.,1
1474,Solâ€¦,1
1475,activists,1
1476,#China,1
1477,warned,1
1478,police,1
1479,say,2
1480,aftermath,1
1481,#Tangshan,1
1482,â€œI,1
1483,used,1
1484,hard,1
1485,imagining,1
1486,suppress,1
1487,#feminism.,3
1488,Iâ€™m,5
1489,watching,1
1490,country,1
1491,erase,1
1492,movement.â€,1
1493,https://t.co/4HSlm07OCD,1
1494,ğ——ğ—˜ğ—™ğ—˜ğ—¡ğ——ğ—œğ—¡ğ—š,3
1495,ğ—ªğ—¢ğ— ğ—˜ğ—¡'ğ—¦,3
1496,ğ—¦ğ—£ğ—¢ğ—¥ğ—§,3
1497,@fairplaywomen,3
1498,@mara_yamauchi,3
1499,@sharrond62,3
1500,"challenges,",3
1501,achievementâ€¦,3
1502,everyone,1
1503,isnâ€™t,1
1504,arashi,1
1505,https://t.co/zkadCEw8Qw,1
1506,Proud,6
1507,show,6
1508,Kacey,6
1509,Kells's,6
1510,books:,6
1511,KELLCEY:,6
1512,https://t.co/gxefcXYQZf,6
1513,Women:â€¦,6
1514,As,2
1515,"always,",1
1516,we'd,1
1517,hear,1
1518,thoughts!,1
1519,does,4
1520,intersectionality,1
1521,mean,1
1522,you?,2
1523,make,4
1524,sure,1
1525,explorations,1
1526,theory,3
1527,fore?,1
1528,Let,1
1529,comment,1
1530,thread!,1
1531,ğŸ‘‡,1
1532,#feministtheory,1
1533,#intersectionality,1
1534,https://t.co/FkiywsIhlF,1
1535,@madufault,1
1536,Mom,1
1537,worked,1
1538,"â€˜80â€™s,",1
1539,walked,1
1540,heels,1
1541,James,1
1542,"Bay,",1
1543,went,1
1544,daycare,1
1545,#goldenhood,1
1546,#heritage,1
1547,@ellexerotica:,1
1548,ğŸš¨NEW,2
1549,VIDEOğŸš¨,2
1550,6,2
1551,Lies,2
1552,About,2
1553,Female,5
1554,Submission,2
1555,|,2
1556,Ms.,2
1557,Elle,2
1558,https://t.co/rh4l1ElwIQ,2
1559,@YouTube,3
1560,#sub,2
1561,#submissive,2
1562,#kinâ€¦,1
1563,#kink,1
1564,Dazon,2
1565,Dixon,2
1566,Diallo,2
1567,fought,2
1568,reproductive,2
1569,justice,2
1570,decades,2
1571,#abortion,3
1572,#prochoice,2
1573,#abortionishealthcare,2
1574,#abortionaf,2
1575,#trustwomen,2
1576,#reproductivejustice,2
1577,#reprorights,2
1578,@pensignal,2
1579,https://t.co/FMz6d6nBT8,1
1580,@stehponie,2
1581,â€œgo,1
1582,"wayâ€,",1
1583,stand,1
1584,fight,2
1585,right!,1
1586,Stand,1
1587,greatest,1
1588,evil,2
1589,"time,",2
1590,#AntiWhiteism.,1
1591,Take,1
1592,destiny,1
1593,scum,1
1594,claimed,1
1595,birthright,1
1596,There,1
1597,"Love,",1
1598,"Hope,",1
1599,Redemption!,1
1600,@cookyiekf,1
1601,"Gurl,",1
1602,may,1
1603,look,1
1604,âœ¨gorgeous,1
1605,gorgeousâœ¨so,1
1606,gorgeous,1
1607,outshine,1
1608,sun.,1
1609,see,3
1610,blind,1
1611,Adrien,1
1612,Agresteâ™¥ï¸,1
1613,#selflove,9
1614,#beauty,1
1615,#GoodLooking,1
1616,@FamilyMan_berl_:,1
1617,Feminists,3
1618,also,2
1619,believe,2
1620,evolution,1
1621,cultural,1
1622,changes,1
1623,getting,1
1624,into,5
1625,DNA,1
1626,next,1
1627,"generation,",1
1628,hence,1
1629,fighâ€¦,1
1630,frack,1
1631,yeah!,1
1632,Spot,1
1633,"on,",1
1634,They,2
1635,definitely,1
1636,do!,1
1637,Many,1
1638,donâ€™t,2
1639,realize,2
1640,#AntiWhiteism,1
1641,behind,1
1642,issues.,1
1643,hate,1
1644,simply,1
1645,because,7
1646,"White,",1
1647,any,2
1648,reason.,1
1649,"Which,",1
1650,invariably,1
1651,leads,1
1652,movements.,1
1653,@Squatch_bro:,1
1654,Brotherhood,1
1655,doesnâ€™t,1
1656,give,1
1657,fuck.,1
1658,#toxicmasculinity,1
1659,https://t.co/ZDiSCLwzOS,1
1660,https://t.co/8G9OpLrpAZ,1
1661,Pro,1
1662,Life,1
1663,Translation,1
1664,Unplanned,1
1665,Pregnancy,2
1666,Away,1
1667,Pro-Choice,1
1668,tshirt,1
1669,available,1
1670,Etsy.,1
1671,#RoeRoeRoeYourVote,1
1672,#RoevemberIsComing,1
1673,#HellHathNoFury,1
1674,#abortionrights,1
1675,#vote,1
1676,#pro,1
1677,#rights,1
1678,https://t.co/zB9IWN6mac,1
1679,iced,1
1680,matcha,1
1681,latte,1
1682,almond,1
1683,"milk,",1
1684,youâ€™re,1
1685,#JoeBidensAmerica,1
1686,#cooter,1
1687,@MistressHelen54:,1
1688,PERFECT,1
1689,OR,1
1690,NOT,1
1691,ğŸ˜,1
1692,#sissy,1
1693,https://t.co/af2Bl5T3n1,1
1694,old,1
1695,quote,1
1696,Simone,1
1697,de,1
1698,Beauvoir,1
1699,"either,",1
1700,Tolkien,1
1701,ends,1
1702,encapsulates,1
1703,"""keyspring",1
1704,Lord,1
1705,"Rings.""",1
1706,apt,1
1707,clip,1
1708,spread,1
1709,wake,1
1710,awful,1
1711,lot,1
1712,#RingsOfPower,1
1713,related,1
1714,misogyny.,1
1715,https://t.co/debGJ7efEz,1
1716,Ding,1
1717,"dong,",1
1718,"""feminism""",1
1719,dead!,1
1720,"""BELIEVE",1
1721,ALL,1
1722,"WOMEN""",1
1723,"""That",1
1724,means,3
1725,liars,1
1726,-who,1
1727,cares,1
1728,"true?""",1
1729,But,3
1730,bed.,1
1731,#IStandWithJohnnyDepp,2
1732,#IStandWithMarilynManson,1
1733,#amberheardisapsychopath,2
1734,#AmberHeardIsAnAbuser,1
1735,#MSM,1
1736,#kattenbarge,1
1737,https://t.co/m00R9R7OZZ,1
1738,@PureArchetype:,1
1739,control,2
1740,protect,2
1741,family.,2
1742,That,2
1743,should,7
1744,listen,2
1745,inâ€¦,1
1746,order,1
1747,protected.,1
1748,Teaching,2
1749,Philosophy,2
1750,Wednesdays,2
1751,Meetâ€¦,1
1752,Regular,1
1753,Rate,1
1754,#difficultwomen,1
1755,https://t.co/RYEyByAvbf,1
1756,@wifeofanagp:,1
1757,Â»NoÂ«.,1
1758,Â»So,1
1759,what?!Â«,1
1760,Â»I,1
1761,care.Â«,1
1762,words,1
1763,necessary.,4
1764,Shero:,1
1765,Germaine,1
1766,Greer,1
1767,ğŸ‘‘,1
1768,That's,1
1769,beâ€¦,1
1770,@AWForward_UK:,3
1771,Period,4
1772,poverty,4
1773,ongoing,4
1774,issue,4
1775,UK.,5
1776,Nearly,4
1777,â…“,4
1778,girls,4
1779,found,4
1780,challenging,4
1781,afford,4
1782,menstrual,4
1783,products,4
1784,anâ€¦,3
1785,resorted,1
1786,toilet,1
1787,"roll,",1
1788,according,1
1789,Plan,1
1790,International,1
1791,#periodpoverty,1
1792,â€˜Unapologetically,8
1793,"Myselfâ€™,",8
1794,moss,1
1795,green,2
1796,t-shirt,8
1797,promotes,8
1798,womenâ€™s,8
1799,empowerment,8
1800,supports,8
1801,self,8
1802,esteem.,8
1803,shirt?,8
1804,Grab,8
1805,NOW!,8
1806,@www.redbubble.com/people/harexia,8
1807,#womensday,8
1808,#WomensArt,8
1809,#selfcare,8
1810,#WomenSupportingWomen,8
1811,https://t.co/fQMjFVyIvg,1
1812,cute,6
1813,https://t.co/5uq5crEUON,1
1814,red,1
1815,https://t.co/UEYRLj9Fq0,1
1816,yellow,1
1817,https://t.co/ljUqXe6TDT,1
1818,blue,1
1819,https://t.co/DcVnfZFi5P,1
1820,grey,1
1821,https://t.co/wP8pui3Zlz,1
1822,white,3
1823,https://t.co/f66gz8RjdB,1
1824,Drain,1
1825,last,1
1826,drop,1
1827,bitch,1
1828,#cumsluâ€¦,1
1829,https://t.co/Hzwd0cwFVt,1
1830,10,1
1831,sometime,2
1832,relate,1
1833,#WhiteSupremacist,1
1834,disappointed,1
1835,few,1
1836,strange,1
1837,#HumanErrors,1
1838,basically,1
1839,friendly,1
1840,human,2
1841,cheerful,1
1842,"polite,",1
1843,hiromix,1
1844,liked,1
1845,agenda,1
1846,forth,1
1847,shambles.,1
1848,clear,1
1849,biological,1
1850,differences.,1
1851,inferior,1
1852,superior.,1
1853,"fact,",1
1854,putting,5
1855,nonsense,1
1856,world.,1
1857,#staywoke,1
1858,ğ—”ğ—¡ğ—¡ğ—¢ğ—¨ğ—¡ğ—–ğ—˜ğ— ğ—˜ğ—¡ğ—§:,14
1859,ğ—¥ğ—”ğ—Ÿğ—Ÿğ—¬,6
1860,SATURDAY,6
1861,"evening,",6
1862,organised,6
1863,@WRNWales,6
1864,@MerchedCymru,7
1865,Rally,6
1866,protesting,6
1867,sexuâ€¦,6
1868,@TheTravellingH2:,4
1869,together,4
1870,Ann,4
1871,Walker,4
1872,"playlist,",4
1873,both,4
1874,modern,5
1875,songs,4
1876,music,4
1877,likely,4
1878,listened,4
1879,lovâ€¦,4
1880,Choosing,1
1881,2b,1
1882,"housewife,",1
1883,career,1
1884,single,1
1885,etc?,1
1886,Thank,1
1887,that.,1
1888,#tlot,1
1889,https://t.co/bADC7OxPOk,1
1890,@GangstaOtter:,2
1891,whole,2
1892,ğŸ‘ğŸ½ğŸ‘ğŸ½ğŸ‘ğŸ½,2
1893,@nytimes,1
1894,@NASA's,1
1895,purpose,1
1896,sending,1
1897,moon,1
1898,"#Diversity,",1
1899,POLITICAL,1
1900,reasons,1
1901,SCIENCE!,1
1902,@LockedStar_NSFW:,1
1903,#ottawa,3
1904,#models,3
1905,wanted,4
1906,live,4
1907,webcam,3
1908,shows.,3
1909,$1000/hour.,3
1910,Any,3
1911,type.,3
1912,"Fun,",3
1913,easy,4
1914,DM,3
1915,start,2
1916,#modelswanted,1
1917,#nsfwtw,1
1918,#msfwtwt,1
1919,#onlyfans,1
1920,#onlyfansgirl,1
1921,https://t.co/1LszOrR36p,1
1922,Symbol,1
1923,Going,1
1924,Their,1
1925,Own,1
1926,Way.,1
1927,https://t.co/GzB3HPExtt,1
1928,"Single,",1
1929,"Taken,",1
1930,MGTOW.,1
1931,https://t.co/MvRzxnoxxc,1
1932,https://t.co/giN4pWh3oC,1
1933,Forget,1
1934,Women.,1
1935,Acquire,1
1936,Currency..,1
1937,https://t.co/5Uu0CEuKPR,1
1938,@hangarslang:,1
1939,Females,2
1940,money?,2
1941,#hangarslang,2
1942,#females,2
1943,#alphafemale,2
1944,#podcast,2
1945,https://t.co/VBlP8Ykh60,2
1946,Why,6
1947,NICE,3
1948,GIRLS,6
1949,finish,6
1950,FIRST,3
1951,BAD,3
1952,LAST!,3
1953,#relationships,5
1954,#success,1
1955,https://t.co/yaDkyw1X1u,1
1956,sucks.,1
1957,https://t.co/B3Tg2Mxiv6,1
1958,@justman70446122:,1
1959,bullies.,4
1960,Feudal,2
1961,Gangsters.,2
1962,simple.,2
1963,main,2
1964,operating,2
1965,mode,2
1966,bâ€¦,1
1967,"bullying,",1
1968,false,3
1969,"accusations,.",1
1970,#gendergangsters,1
1971,@Otepoti9010:,1
1972,consume,1
1973,dairy.,1
1974,#Hypocrite,1
1975,#mothersagainstdairy,1
1976,#Feminismâ€¦,1
1977,Wolf,1
1978,Packs,1
1979,led,1
1980,Alpha,1
1981,https://t.co/VaOgtpWJSb,1
1982,#Feminismo,1
1983,Oppositional,1
1984,Defiance,1
1985,Patriarchal,1
1986,Oppression,1
1987,"Disorder,",1
1988,amiright?!,1
1989,#mentalhealth,1
1990,#screwtheDSM,1
1991,#TheRingsOfPower,1
1992,#UnderminePatriarchalAuthorityForever,1
1993,#willpower,1
1994,#DisorderAsFeministMethod,1
1995,https://t.co/HrKuTaWTfH,1
1996,#strongwomen,1
1997,https://t.co/IAoXEYKNxd,1
1998,#ALPHA,1
1999,#traditional,1
2000,https://t.co/t93nohIpdO,1
2001,https://t.co/Ba6jWoFfZ7,1
2002,https://t.co/SqeagKcFFM,1
2003,https://t.co/MrYdx9MZPp,1
2004,@B_for_backup:,1
2005,#history:,2
2006,"""Postmodern",2
2007,"feminism""",2
2008,rejects,2
2009,uniform,2
2010,phrasing,2
2011,term,2
2012,"""woman""",2
2013,"""the",2
2014,humaâ€¦,1
2015,"human"".",1
2016,Tries,1
2017,overcome,1
2018,binary,1
2019,hierarchical,1
2020,comparisons.,1
2021,"Basically,",1
2022,pretty,1
2023,distinguished,1
2024,multiple,1
2025,POVs.,1
2026,"Philosophie-magazin,",1
2027,04/2022.,1
2028,@EricaVerrillo:,1
2029,manipulate,4
2030,promising,4
2031,love.,2
2032,@TheAntiprude00:,1
2033,genuinely,2
2034,fear,5
2035,allegations,2
2036,SA,2
2037,trust,2
2038,they're,2
2039,ulterior,2
2040,motiâ€¦,1
2041,@heliophilicous,1
2042,#Patriarchy,1
2043,makes,1
2044,stronger,1
2045,turns,1
2046,#burden,1
2047,â˜ï¸,1
2048,motives.,1
2049,"so,",1
2050,having,2
2051,"life,",1
2052,man-hater?,1
2053,had,1
2054,money,1
2055,it?,1
2056,#MRA,1
2057,@BeeWilde2:,1
2058,@HelloCanada,2
2059,"""Feminists""???",2
2060,ğŸ˜…ğŸ˜‚ğŸ¤£,2
2061,Ala,2
2062,#PrinceHarry,2
2063,#MeghanMarkle?!?,2
2064,NO,3
2065,THANK,2
2066,YOU!!!,2
2067,ğŸ’¢#Feminism,2
2068,#Fraud,2
2069,#MeghanMaâ€¦,1
2070,@megwalker85:,1
2071,@billybragg,1
2072,dinosaur,1
2073,ğŸ¦•ğŸ¦–,1
2074,#NoToSelfID,1
2075,@MashMyk:,1
2076,Danger,2
2077,Society.,2
2078,@peoplerevolting:,1
2079,School,1
2080,Needlework,1
2081,Disobedient,1
2082,https://t.co/A6IQLhPob0,1
2083,#PeopleAreRevolting,1
2084,#Needlewoork,1
2085,#Disobediâ€¦,1
2086,Do,1
2087,Weak,1
2088,For,2
2089,Single,1
2090,Modern,1
2091,TikToks,1
2092,#tiktok,1
2093,#life,1
2094,#Saturday,1
2095,#MONEY,1
2096,Watch:,1
2097,https://t.co/9guV4pyFMz,1
2098,https://t.co/m87lP7fj94,1
2099,@MEERA818181:,1
2100,husband,2
2101,40,1
2102,minutes,2
2103,allow,1
2104,alm,1
2105,..,7
2106,cum,1
2107,floor,1
2108,myâ€¦,1
2109,faces,1
2110,thats,1
2111,wrong,1
2112,day,2
2113,#JohnnyDeppRisesVMA,1
2114,#JohnnyDepp,1
2115,#VMA,1
2116,#JohnnyDeppRises,1
2117,#JohnnyDeppDeservesAnApology,1
2118,https://t.co/zZCsrPP2br,1
2119,(black,2
2120,https://t.co/xSWOtpc9kE,1
2121,https://t.co/hriTNgtSAv,1
2122,sit,1
2123,houses,1
2124,enjoying,1
2125,family,1
2126,hanging,1
2127,friends,1
2128,cool,1
2129,steam,1
2130,exhausting,1
2131,"week,",1
2132,Iâ€™d,1
2133,shine,1
2134,light,1
2135,#activism,1
2136,https://t.co/KyXnfSG2BP,1
2137,LOVE,1
2138,Patriarchy,1
2139,https://t.co/2cyopmApTg,1
2140,https://t.co/LuWItm0EMx,1
2141,@__stima,1
2142,Say,1
2143,less!,1
2144,#freeballin,1
2145,@thegirdlengr:,1
2146,receiving,1
2147,threats,1
2148,"gang,",1
2149,track,1
2150,whenever,1
2151,return,1
2152,deal,1
2153,"me!""",1
2154,#wâ€¦,1
2155,happy.,1
2156,#Thought,1
2157,#Money,1
2158,#God,1
2159,#Blessed,1
2160,#Action,1
2161,#Confidence,1
2162,#Womenshealth,1
2163,#Joy,1
2164,#Fitness,1
2165,#Dailyquotes,1
2166,#Bekind,1
2167,#Spirituality,1
2168,#MeghanMarkleIsALiar,1
2169,#Megxit,1
2170,#PrinceHarryIsATraitor,1
2171,https://t.co/3n6AvlZH0w,1
2172,ğ—”:ğ——ğ—¥ğ—˜ğ—¦ğ—¦,1
2173,Facilitated,1
2174,@olderwomenrock,1
2175,campaign,1
2176,art/activism,1
2177,using,1
2178,textile,1
2179,"art,",1
2180,"poetry,",1
2181,"film,",1
2182,conversaâ€¦,1
2183,Introducing,1
2184,first,1
2185,dictionary,1
2186,definition,1
2187,Crenshaw,1
2188,Intersectionality:,1
2189,'white,1
2190,feminism',1
2191,âœï¸,1
2192,huge,1
2193,Grabbing,1
2194,Back,1
2195,member,1
2196,Graciela,1
2197,contributing,1
2198,important,1
2199,entry,1
2200,online,1
2201,dictionary!,1
2202,https://t.co/moiM2P8FbY,1
2203,https://t.co/Ha7gTaMgJq,1
2204,@sanjay_l_verma:,1
2205,Raising,1
2206,Pr0stitutes,1
2207,status,2
2208,Goddesses,1
2209,Mistake.,1
2210,#à¤…à¤¬à¤²à¤¾à¤¨à¤¾à¤°à¥€,1
2211,#FeminismIsCancer,4
2212,https://t.co/fToGhzvâ€¦,1
2213,#Millennial,1
2214,#cartoonistâ€™s,1
2215,take,1
2216,#JewishWedding,1
2217,season:,1
2218,lâ€™chaim,1
2219,#comicstrip,1
2220,#JewishHumor,1
2221,#cartoon,1
2222,https://t.co/AVUwDbGevm,1
2223,Breaks,1
2224,heart,1
2225,learn,1
2226,"murdered,",1
2227,r*ped,1
2228,abducted,1
2229,bodies,1
2230,THEM.,1
2231,must,2
2232,"safety,",1
2233,"autonomy,",1
2234,FREEDOM,1
2235,fear.,1
2236,ğŸ’ªğŸ½ğŸ’—,1
2237,Together,1
2238,UNSTOPPABLE.,1
2239,https://t.co/hRjhCiBRER,1
2240,@ladyofequality,1
2241,@TheAmitLakhani,1
2242,@ArnazHathiram,1
2243,@DeepikaBhardwaj,1
2244,@Manish_AFT,1
2245,@Shivamsbisht,1
2246,@Zarafatkhan7,1
2247,@AdvocateIndal,1
2248,@mahi_gupta96,1
2249,@AnubhavMohanty_,1
2250,@grahakjago,1
2251,@GobindaParida12,1
2252,@GSBorikar,1
2253,@pankaj223891,1
2254,@KhatriB73084489,1
2255,@sheomangalkumar,1
2256,@Sarmad07185646,1
2257,Look,1
2258,this..,1
2259,another,1
2260,https://t.co/g0zML4Shfm,1
2261,@WRNWales:,1
2262,support,1
2263,organise,1
2264,sisters,1
2265,sisterhood,3
2266,solidarity,1
2267,@so_radhikal,1
2268,PhD?,1
2269,OMG....,1
2270,proves,1
2271,https://t.co/JRxx3a6mBY,1
2272,.@thetalentguru,2
2273,sussex,2
2274,squad,2
2275,#VoetsekBritishMedia,2
2276,#ArchetypesWithMeghan,2
2277,#MariahCarey,2
2278,#SerenaWilliams,2
2279,esp,1
2280,woc.,1
2281,They're,1
2282,Meghan,1
2283,Markle,1
2284,podcast,1
2285,No.1,1
2286,TEN,1
2287,countries,1
2288,leading,1
2289,"charge,",1
2290,talking,1
2291,uncomfortable,1
2292,truths,1
2293,https://t.co/U4BX50jxFs,1
2294,Love,1
2295,"""She",1
2296,(#MeghanMarkle),1
2297,black,1
2298,talent,1
2299,overcoming,1
2300,succeeding,1
2301,apologizing,1
2302,respecting,1
2303,herself,1
2304,along,1
2305,"way.""",1
2306,https://t.co/tzQKUV2SqW,1
2307,@WB_DOL:,1
2308,"""Women",2
2309,over-represented,2
2310,lower,2
2311,paying,2
2312,jobs,2
2313,"and,",2
2314,"age,",2
2315,gap,2
2316,widens,2
2317,"more.""",2
2318,@uscensusbureâ€¦,1
2319,@nonviolentfem:,1
2320,favorite,1
2321,signs,1
2322,counter,1
2323,protest,1
2324,Rochester,1
2325,DSA,1
2326,demonstration,1
2327,AGAINST,1
2328,Crisis,1
2329,Cenâ€¦,1
2330,@ğ—¯ğ—¶ğ—»ğ—±ğ—²ğ—¹ğ—·,6
2331,ğ—œğ—¡,6
2332,ğ—–ğ—¢ğ—¡ğ—©ğ—˜ğ—¥ğ—¦ğ—”ğ—§ğ—œğ—¢ğ—¡,6
2333,ğ—ªğ—œğ—§ğ—›,6
2334,LUCY,6
2335,"MASOUD,",6
2336,"@HillaKerner,",6
2337,@RosieDuffield1,6
2338,@Martina,6
2339,[online]â€¦,6
2340,#pigtails,1
2341,#idowhatiwant,1
2342,#fireisland,1
2343,#snottygirls,1
2344,#beachvacation,1
2345,@,2
2346,Fair,1
2347,Harbor,1
2348,Beach,1
2349,https://t.co/0uyJlfpODD,1
2350,"""Biopower's",2
2351,Scapegoating,2
2352,"Body""",2
2353,@theologianmom,2
2354,#Foucault,2
2355,#Theology,2
2356,#Philosophy,2
2357,#Biopower,2
2358,#Biopolitics,2
2359,@seige_of:,1
2360,https://t.co/9vS9gcLbgT,1
2361,THOUGHTS,1
2362,#parentalalienation,1
2363,#backlash,1
2364,#Catholic,2
2365,#CatholicTwitter,2
2366,#Prolife,1
2367,https://t.co/2VfbHEyBRy,1
2368,Dead,1
2369,Meat,1
2370,dude,1
2371,@JamesAJanisse,1
2372,one.,1
2373,His,1
2374,theater,1
2375,girl,1
2376,arthoe,1
2377,COMPLETELY,1
2378,rode,1
2379,coattails,1
2380,slowly,1
2381,credit,1
2382,entire,1
2383,success,1
2384,Kill,1
2385,Count,1
2386,brand.,1
2387,"Dude,",1
2388,spine,1
2389,earn,1
2390,herself.,1
2391,"""Labour",1
2392,"value""",1
2393,based,1
2394,incomplete,1
2395,understanding,1
2396,"Smith,",1
2397,Ricardo,1
2398,Marx's,1
2399,theories,1
2400,value...,1
2401,#Marx,1
2402,#Capitalism,1
2403,https://t.co/HeNTeqf4ux,1
2404,hymen,3
2405,diamond!,3
2406,NEVER,3
2407,marry,3
2408,PROMISCUOUS,1
2409,WOMAN,3
2410,@ElliottHulse,3
2411,#marriage,3
2412,https://t.co/168cgAXGUE,1
2413,More,1
2414,today's,1
2415,featured,1
2416,"author,",1
2417,@theologianmom:,1
2418,#theology,1
2419,#philosophy,1
2420,#religion,1
2421,#gender,1
2422,https://t.co/LJ2X8ARUBO,1
2423,LOOSE,2
2424,https://t.co/cEdjvAAo1W,1
2425,â€œMaturity,1
2426,achieved,1
2427,person,1
2428,accepts,1
2429,full,1
2430,tension;,1
2431,torment,1
2432,himself,1
2433,childish,1
2434,guilt,1
2435,"feelings,",1
2436,avoids,1
2437,tragic,1
2438,adult,1
2439,sins;,1
2440,postpones,1
2441,immediate,1
2442,pleasures,1
2443,sake,1
2444,long-term,1
2445,values.â€,1
2446,J.L.,1
2447,https://t.co/EFW1uN6rdf,1
2448,@Ambar_SIFF_MRA:,1
2449,WIFE=,1
2450,Worry,1
2451,Invited,1
2452,"Ever""",1
2453,2022,1
2454,#artbiennale,1
2455,trend,1
2456,design,1
2457,lovers,1
2458,#biennale,1
2459,#vernice.,1
2460,#tribalism,1
2461,#ecoism,1
2462,#nature,1
2463,#design,1
2464,#arsenalevenezia,1
2465,#future,1
2466,#trends,1
2467,https://t.co/vUTN4gB2t9,1
2468,Totality,1
2469,two,1
2470,https://t.co/BbLQLwzdMm,1
2471,@TeehFavour:,1
2472,@andrewschulz,1
2473,this.,1
2474,Man's,1
2475,quickly,1
2476,becoming,1
2477,legend,1
2478,ğŸ˜…,1
2479,#Andrewschulz,1
2480,#comedy,1
2481,https://t.co/a7TR6HVbHv,1
2482,@uscensusbureau,1
2483,findings,1
2484,age,1
2485,dynamic,1
2486,workers,1
2487,ages,1
2488,35-44:,1
2489,https://t.co/S2LeqErQpA,1
2490,#EqualPay,1
2491,#WageGap,1
2492,#RetirementPlanning,1
2493,@TitaniaMcGrath:,1
2494,Joan,2
2495,Arc,2
2496,"strong,",1
2497,courageous,1
2498,"independent,",1
2499,non-binary,1
2500,trans.,1
2501,wouldâ€¦,1
2502,ğ—™ğ—¶ğ—Ÿğ— ,1
2503,ğ—¡ğ—œğ—šğ—›ğ—§,1
2504,ğ—”ğ—¡ğ——,1
2505,ğ—¡ğ—˜ğ—§ğ—ªğ—¢ğ—¥ğ—ğ—œğ—¡ğ—š,1
2506,SUNDAY,1
2507,THREE,1
2508,"films,",1
2509,bars,1
2510,openâ€¦,1
2511,ğ—¦ğ—”ğ— ğ—˜,1
2512,ğ—¦ğ—˜ğ—«,1
2513,ğ—§ğ—”ğ—¡ğ—šğ—¢,1
2514,JIMINI,1
2515,HIGNETT,1
2516,HELEN,1
2517,FENTON,1
2518,promise,1
2519,turn,1
2520,tango,1
2521,dâ€¦,1
2522,ğ—£ğ—¥ğ—œğ—¡ğ—–ğ—œğ—£ğ—Ÿğ—˜ğ—¦,2
2523,ğ—¢ğ—™,2
2524,ğ—™ğ—˜ğ— ğ—œğ—¡ğ—œğ—¦ğ—§,2
2525,ğ—¢ğ—¥ğ—šğ—”ğ—¡ğ—œğ—¦ğ—œğ—¡ğ—š,2
2526,Sisters,2
2527,@VanRapeRelief,2
2528,Consciousness,2
2529,"raising,",2
2530,(vs,2
2531,individâ€¦,1
2532,@aaron_clarey:,4
2533,best,4
2534,summation,4
2535,I've,4
2536,seen.,4
2537,Literally.,4
2538,Practice,1
2539,English,1
2540,safe,1
2541,encouraging,1
2542,environment.,1
2543,#ViolenceAgainstWomen,1
2544,#immigrationsservices,1
2545,#domesticviolence,1
2546,#YouAreNotAlone,1
2547,#UnsafeatHomeOttawa,1
2548,#WeAreHereForYou,1
2549,#ottnews,1
2550,#ottcity,1
2551,https://t.co/YjLZHp2C8R,1
2552,https://t.co/1qXUUq7FWd,1
2553,#WhoredomCulture,1
2554,â–¶ï¸ğŸ—‘ï¸ğŸ—‘ï¸ğŸ—‘ï¸ğŸ—‘ï¸,1
2555,Satire.,1
2556,Video.,1
2557,Points,1
2558,made.,1
2559,ğŸ¯,1
2560,'lowkey',1
2561,BUT,1
2562,'straight,1
2563,scam'.ğŸ˜,1
2564,https://t.co/fx8PAnonhJ,1
2565,antithatgirl....,1
2566,cracked,1
2567,code?,1
2568,conversations,1
2569,STI,1
2570,screening,1
2571,casual,1
2572,ordering,1
2573,coffee!,1
2574,Talk,1
2575,health,1
2576,"partners,",1
2577,routine,1
2578,testing,1
2579,peasy,1
2580,ğŸ’“,1
2581,#lovability,1
2582,#babewiththepower,1
2583,https://t.co/phtQGe1LE2,1
2584,individual,1
2585,"activism),",1
2586,"race,",1
2587,direct,1
2588,"action,",1
2589,alliances,1
2590,TICKETS:,1
2591,https://t.co/X6dOC6PLMP,1
2592,https://t.co/3rtyaLcImZ,1
2593,Welcome,1
2594,"#FabulousFriday,",1
2595,where,1
2596,celebrate,1
2597,bold,1
2598,queer,1
2599,"characters,",1
2600,otherwise,1
2601,Fabulous,1
2602,Folks,1
2603,pages,1
2604,19th,1
2605,century,1
2606,popular,1
2607,press.,1
2608,#NIUDL,1
2609,#dimenovels,1
2610,#LGBTQ,1
2611,#LGBT,1
2612,#queerhistory,1
2613,https://t.co/nHuGPyAa9a,1
2614,https://t.co/o9jv1lSxiD,1
2615,@randysharpswife:,1
2616,foolishness,2
2617,"boisterous,",2
2618,"simplicity,",2
2619,anything.,2
2620,-Proverbs,2
2621,9:13,2
2622,@DelilahBon_:,1
2623,blowing,1
2624,â¦@tiktok_usâ©,1
2625,ğŸ”¥ğŸ”¥ğŸ”¥,1
2626,300k,1
2627,views,1
2628,rising!!,1
2629,Whoâ€™s,1
2630,ready,1
2631,scream,1
2632,tour??,1
2633,ğŸ˜#indeâ€¦,1
2634,Jeez,1
2635,ğŸ˜¢,1
2636,#toxicfemininity,1
2637,#toxicfeminism,1
2638,#toxicwomen,1
2639,https://t.co/Wumw3Ho9pV,1
